"","True_indiv_name","Host","Numero_foyer","CLUSTER","meanSNP","maxSNP"
"1","BV1_S194","Cattle",2,916,5.16666666666667,9
"2","BV16_S49","Cattle",13,798,3.4,5
"3","BV18_S57","Cattle",13,NA,NA,NA
"4","BV19_S192","Cattle",14,760,11.4,15
"5","BV22_S63","Cattle",15,994,4,7
"6","BV23-redeposit_S150","Cattle",15,660,5.5,7
"7","BV25_S137","Cattle",17,209,4,4
"8","BV27_S110","Cattle",17,209,4,4
"9","BV31_S27","Cattle",33,643,7.5,11
"10","BV36_S28","Cattle",36,724,1.83333333333333,3
"11","BV38_S29","Cattle",36,190,9.33333333333333,14
"12","BV39_S30","Cattle",36,398,8.33333333333333,10
"13","BV4_S105","Cattle",2,577,5.4,6
"14","BV43_S31","Cattle",36,548,4.5,7
"15","BV5-redeposit_S149","Cattle",2,342,5.16666666666667,6
"16","BV53_S32","Cattle",38,NA,NA,NA
"17","BV6_S190","Cattle",2,NA,NA,NA
"18","BV76_S111","Cattle",55,117,4.33333333333333,6
"19","BV78_S106","Cattle",65,NA,NA,NA
"20","BV85_S113","Cattle",69,NA,NA,NA
"21","BV86_S118","Cattle",69,NA,NA,NA
"22","CH10_S102","Dog",9,NA,NA,NA
"23","CH14_S138","Dog",11,NA,NA,NA
"24","CH15_S17","Dog",11,NA,NA,NA
"25","CH16_S14","Dog",12,572,2.8,4
"26","CH17_S139","Dog",12,NA,NA,NA
"27","CH19_S16","Dog",15,NA,NA,NA
"28","CH2_S71","Dog",2,476,7.66666666666667,9
"29","CH20_S15","Dog",15,994,4,7
"30","CH21_S40","Dog",16,463,6,6
"31","CH22_S41","Dog",17,497,3.33333333333333,4
"32","CH23_S42","Dog",18,NA,NA,NA
"33","CH25_S27","Dog",19,NA,NA,NA
"34","CH26_S43","Dog",22,843,3,5
"35","CH30_S39","Dog",24,NA,NA,NA
"36","CH31_S47","Dog",24,577,5.4,6
"37","CH32_S172","Dog",24,571,4,5
"38","CH33_S174","Dog",24,572,2.8,4
"39","CH35_S140","Dog",27,476,7.66666666666667,9
"40","CH37_S54","Dog",28,812,4,7
"41","CH38_S34","Dog",28,970,1,2
"42","CH39_S2","Dog",28,NA,NA,NA
"43","CH43_S12","Dog",32,307,7,7
"44","CH45_S13","Dog",33,969,4,4
"45","CH46_S14","Dog",33,NA,NA,NA
"46","CH48_S15","Dog",36,724,1.83333333333333,3
"47","CH49_S16","Dog",36,259,10.6666666666667,13
"48","CH54_S17","Dog",38,828,5.33333333333333,9
"49","CH55_S18","Dog",38,NA,NA,NA
"50","CH56_S19","Dog",38,969,4,4
"51","CH57_S20","Dog",39,686,1.5,3
"52","CH59_S21","Dog",40,723,1,1
"53","CH60_S22","Dog",40,635,4.33333333333333,6
"54","CH62_S23","Dog",41,NA,NA,NA
"55","CH66_S103","Dog",44,72,2.16666666666667,3
"56","CN66_S152","Duck",57,41,15.1666666666667,20
"57","CH67_S104","Dog",46,72,2.16666666666667,3
"58","CH7_S188","Dog",7,894,20,20
"59","CH71_S2","Dog",51,398,8.33333333333333,10
"60","CH72_S67","Dog",51,NA,NA,NA
"61","CH74_S18","Dog",52,603,10.4,14
"62","CH78_S137","Dog",55,211,7,9
"63","CH8_S267","Dog",7,307,7,7
"64","CH81_S143","Dog",57,943,2.66666666666667,4
"65","CH86_S93","Dog",63,19,11,14
"66","CH89_S145","Dog",65,70,10.8,16
"67","CH90_S276","Dog",67,812,4,7
"68","CH97_S19","Dog",72,827,4,4
"69","CN1_S196","Duck",1,619,5.66666666666667,8
"70","CN12_S149","Duck",5,36,11.4,20
"71","CN13_S203","Duck",5,NA,NA,NA
"72","CN14_S198","Duck",9,NA,NA,NA
"73","CN15_S62","Duck",14,NA,NA,NA
"74","CN16_S135","Duck",14,798,3.4,5
"75","CN17_S147","Duck",19,416,4.3,8
"76","CN18_S4","Duck",19,NA,NA,NA
"77","CN23_S7","Duck",22,NA,NA,NA
"78","CN24_S20","Duck",22,827,4,4
"79","CN25_S10","Duck",23,694,5,7
"80","CN26_S11","Duck",23,398,8.33333333333333,10
"81","CN28_S5","Duck",23,NA,NA,NA
"82","CN29_S146","Duck",23,NA,NA,NA
"83","CN31_S151","Duck",23,NA,NA,NA
"84","CN33-redeposit_S6","Duck",26,195,9,9
"85","CN35_S53","Duck",26,NA,NA,NA
"86","CN36_S152","Duck",27,NA,NA,NA
"87","CN39_S153","Duck",30,300,6,6
"88","CN40_S154","Duck",30,868,4.6,6
"89","CN44_S123","Duck",32,826,3,7
"90","CN48-redeposit_S1","Duck",45,206,2.16666666666667,3
"91","CN49-redeposit_S2","Duck",45,206,2.16666666666667,3
"92","CN51_S87","Duck",45,206,2.16666666666667,3
"93","CN56_S69","Duck",54,603,10.4,14
"94","CN57_S7","Duck",54,868,4.6,6
"95","CN58_S110","Duck",54,190,9.33333333333333,14
"96","CN59_S118","Duck",55,603,10.4,14
"97","CN60_S114","Duck",55,211,7,9
"98","CN61_S142","Duck",55,342,5.16666666666667,6
"99","CN62_S148","Duck",56,400,4,4
"100","CN63-redeposit_S4","Duck",56,NA,NA,NA
"101","CN65_S114","Duck",57,563,1,1
"102","CN68_S153","Duck",57,95,5,5
"103","CN69_S115","Duck",57,22,9.4,13
"104","CN70_S138","Duck",57,283,7.33333333333333,11
"105","CN71_S260","Duck",59,667,4,4
"106","CN75-redeposit_S1","Duck",59,NA,NA,NA
"107","CN79_S90","Duck",59,605,1.83333333333333,3
"108","CN81_S91","Duck",60,635,4.33333333333333,6
"109","CN82-redeposit_S7","Duck",61,NA,NA,NA
"110","CN83-redeposit_S262","Duck",64,NA,NA,NA
"111","CN84_S11","Duck",68,362,7.5,10
"112","CN85_S93","Duck",68,571,4,5
"113","CN86_S117","Duck",68,NA,NA,NA
"114","CN87_S153","Duck",68,458,3,4
"115","CN89_S106","Duck",70,660,5.5,7
"116","CN90_S115","Duck",70,682,3.66666666666667,5
"117","CN92_S14","Duck",72,649,1,1
"118","CH96_S16","Dog",72,320,3.66666666666667,7
"119","CT12_S38","Cat",11,194,4,4
"120","CT13_S56","Cat",12,NA,NA,NA
"121","CT15_S46","Cat",12,194,4,4
"122","CT20_S45","Cat",16,NA,NA,NA
"123","CT21_S64","Cat",17,NA,NA,NA
"124","CT27_S155","Cat",29,177,5,5
"125","CT3_S18","Cat",2,320,3.66666666666667,7
"126","CT32_S156","Cat",31,NA,NA,NA
"127","CT34_S120","Cat",32,695,4,4
"128","CT38_S121","Cat",38,694,5,7
"129","CT49_S17","Cat",53,NA,NA,NA
"130","CT55_S273","Cat",60,NA,NA,NA
"131","CT6_S51","Cat",7,NA,NA,NA
"132","CT63_S278","Cat",65,NA,NA,NA
"133","CT66_S265","Cat",67,601,3,3
"134","CT8_S19","Cat",7,NA,NA,NA
"135","CV8_S101","Horse",45,NA,NA,NA
"136","CV9_S112","Horse",55,598,3,3
"137","DI1_S186","Turkey",6,656,6.16666666666667,9
"138","DI10_S118","Turkey",46,NA,NA,NA
"139","DI12_S35","Turkey",59,667,4,4
"140","DI13_S156","Turkey",59,571,4,5
"141","DI2_S147","Turkey",6,445,3.66666666666667,6
"142","DI4_S60","Turkey",28,NA,NA,NA
"143","DI5_S114","Turkey",45,206,2.16666666666667,3
"144","DI7_S115","Turkey",45,NA,NA,NA
"145","DI8_S116","Turkey",45,668,6.5,10
"146","DI9_S117","Turkey",45,NA,NA,NA
"147","E10_S61","Water",8,668,6.5,10
"148","E20_S62","Water",14,NA,NA,NA
"149","E22_S60","Water",16,696,2.5,5
"150","E25_S272","Water",17,70,10.8,16
"151","E30_S49","Water",21,NA,NA,NA
"152","E33_S61","Water",23,454,6.8,10
"153","E35_S197","Water",24,358,10,10
"154","E37_S157","Water",26,656,6.16666666666667,9
"155","E49_S117","Water",33,826,3,7
"156","E52_S118","Water",36,NA,NA,NA
"157","E53_S119","Water",36,NA,NA,NA
"158","E63_S120","Water",43,966,1,2
"159","E71_S158","Water",49,NA,NA,NA
"160","E73_S19","Water",50,572,2.8,4
"161","E79_S7","Water",54,966,1,2
"162","E84-redeposit_S3","Water",58,NA,NA,NA
"163","E87-redeposit_S6","Water",59,NA,NA,NA
"164","E97_S77","Water",67,NA,NA,NA
"165","H1_S112","Human",1,195,9,9
"166","H100_S195","Human",19,416,4.3,8
"167","H104_S1","Human",19,362,7.5,10
"168","H105-redeposit_S38","Human",19,854,6.66666666666667,11
"169","H108_S199","Human",20,893,7,7
"170","H11_S59","Human",2,NA,NA,NA
"171","H117_S140","Human",21,NA,NA,NA
"172","H118-redeposit_S1","Human",21,NA,NA,NA
"173","H12_S69","Human",2,649,1,1
"174","H122_S136","Human",22,854,6.66666666666667,11
"175","H125_S106","Human",22,854,6.66666666666667,11
"176","H129_S53","Human",23,571,4,5
"177","H13_S56","Human",2,577,5.4,6
"178","H136_S109","Human",23,70,10.8,16
"179","H137_S50","Human",24,NA,NA,NA
"180","H139_S273","Human",24,NA,NA,NA
"181","H144_S111","Human",25,NA,NA,NA
"182","H147_S2","Human",25,NA,NA,NA
"183","H151_S58","Human",26,NA,NA,NA
"184","H153_S145","Human",26,NA,NA,NA
"185","H154-redeposit_S7","Human",27,NA,NA,NA
"186","H155-redeposit_S10","Human",27,NA,NA,NA
"187","H160-redeposit_S11","Human",29,NA,NA,NA
"188","H164_S148","Human",30,95,5,5
"189","H172_S149","Human",32,NA,NA,NA
"190","H177_S6","Human",34,994,4,7
"191","H179_S272","Human",34,NA,NA,NA
"192","H183_S7","Human",36,970,1,2
"193","H187_S4","Human",36,432,2.66666666666667,5
"194","H190_S9","Human",37,NA,NA,NA
"195","H191_S10","Human",37,869,1.33333333333333,2
"196","H194_S103","Human",38,320,3.66666666666667,7
"197","H196_S105","Human",38,925,10.6666666666667,14
"198","H198_S8","Human",39,NA,NA,NA
"199","H200_S106","Human",39,916,5.16666666666667,9
"200","H204_S107","Human",39,916,5.16666666666667,9
"201","H205_S108","Human",40,916,5.16666666666667,9
"202","H207_S109","Human",40,43,7,7
"203","H217_S110","Human",42,964,0,0
"204","H225_S114","Human",43,993,2,2
"205","H228_S115","Human",44,826,3,7
"206","H231_S276","Human",44,993,2,2
"207","H236_S6","Human",45,416,4.3,8
"208","H239_S7","Human",46,454,6.8,10
"209","H241_S8","Human",46,454,6.8,10
"210","H242_S271","Human",47,660,5.5,7
"211","H245_S9","Human",48,NA,NA,NA
"212","H248_S10","Human",49,828,5.33333333333333,9
"213","H249_S83","Human",49,NA,NA,NA
"214","H26_S57","Human",5,432,2.66666666666667,5
"215","H265_S151","Human",53,549,7,7
"216","H267_S5","Human",54,NA,NA,NA
"217","H268_S152","Human",54,NA,NA,NA
"218","H277_S113","Human",56,NA,NA,NA
"219","H282_S150","Human",57,NA,NA,NA
"220","H283_S147","Human",57,660,5.5,7
"221","H286_S149","Human",58,117,4.33333333333333,6
"222","H287_S159","Human",58,NA,NA,NA
"223","H288_S158","Human",58,NA,NA,NA
"224","H289_S92","Human",58,NA,NA,NA
"225","H29_S189","Human",5,NA,NA,NA
"226","H290_S90","Human",58,894,20,20
"227","H293_S39","Human",59,NA,NA,NA
"228","H294_S155","Human",59,668,6.5,10
"229","H295-redeposit_S8","Human",60,41,15.1666666666667,20
"230","H298_S109","Human",61,227,3.66666666666667,6
"231","H3_S195","Human",1,930,5.1,10
"232","H307_S275","Human",63,NA,NA,NA
"233","H308_S143","Human",63,227,3.66666666666667,6
"234","H31_S108","Human",6,300,6,6
"235","H311-redeposit_S263","Human",63,NA,NA,NA
"236","H315_S94","Human",64,NA,NA,NA
"237","H32_S204","Human",6,NA,NA,NA
"238","H322-redeposit_S2","Human",65,NA,NA,NA
"239","H327_S105","Human",66,NA,NA,NA
"240","H332_S274","Human",67,190,9.33333333333333,14
"241","H339_S261","Human",68,31,6,6
"242","H340_S111","Human",68,31,6,6
"243","H341_S75","Human",68,NA,NA,NA
"244","H342_S8","Human",68,695,4,4
"245","H343_S74","Human",69,NA,NA,NA
"246","H348_S148","Human",69,548,4.5,7
"247","H35_S65","Human",7,NA,NA,NA
"248","H359_S13","Human",72,787,5,5
"249","H360_S105","Human",72,868,4.6,6
"250","H39_S46","Human",8,994,4,7
"251","H42_S271","Human",9,925,10.6666666666667,14
"252","H49_S266","Human",10,207,4,4
"253","H5-redeposit_S5","Human",1,760,11.4,15
"254","H66_S191","Human",13,362,7.5,10
"255","H7_S268","Human",1,358,10,10
"256","H71_S63","Human",14,22,9.4,13
"257","H73_S193","Human",14,41,15.1666666666667,20
"258","H74_S144","Human",14,22,9.4,13
"259","H76_S107","Human",15,497,3.33333333333333,4
"260","H78_S67","Human",15,463,6,6
"261","H79_S66","Human",15,NA,NA,NA
"262","H82_S55","Human",16,696,2.5,5
"263","H84_S64","Human",16,189,13,13
"264","H85_S9","Human",16,696,2.5,5
"265","H87_S8","Human",16,696,2.5,5
"266","H88_S142","Human",16,283,7.33333333333333,11
"267","H93_S1","Human",17,497,3.33333333333333,4
"268","H94_S150","Human",17,70,10.8,16
"269","H97_S47","Human",18,NA,NA,NA
"270","H99_S143","Human",18,NA,NA,NA
"271","OI13_S107","Goose",45,NA,NA,NA
"272","OI14_S108","Goose",45,NA,NA,NA
"273","OI15_S109","Goose",45,NA,NA,NA
"274","OI17_S110","Goose",45,NA,NA,NA
"275","OI18_S111","Goose",45,NA,NA,NA
"276","OI19_S112","Goose",45,NA,NA,NA
"277","OI21_S113","Goose",48,NA,NA,NA
"278","OI23_S263","Goose",51,NA,NA,NA
"279","OI24_S130","Goose",51,853,12,12
"280","OI25_S124","Goose",51,NA,NA,NA
"281","OI26_S262","Goose",51,843,3,5
"282","OI27_S4","Goose",51,606,2.16666666666667,4
"283","OI28-redep_S1","Goose",51,549,7,7
"284","OI29_S3","Goose",51,NA,NA,NA
"285","OI30_S264","Goose",51,NA,NA,NA
"286","OI31_S15","Goose",54,655,1,1
"287","OI32_S13","Goose",54,655,1,1
"288","OI34-redeposit_S2","Goose",54,NA,NA,NA
"289","OI35_S123","Goose",55,930,5.1,10
"290","OI37_S128","Goose",56,413,3.33333333333333,5
"291","OI38_S16","Goose",56,970,1,2
"292","OI40_S146","Goose",56,NA,NA,NA
"293","OI41_S8","Goose",56,869,1.33333333333333,2
"294","OI44_S102","Goose",65,NA,NA,NA
"295","OI47_S96","Goose",65,19,11,14
"296","OI49_S109","Goose",68,868,4.6,6
"297","OI50_S79","Goose",68,853,12,12
"298","OI51_S78","Goose",68,NA,NA,NA
"299","OI53_S76","Goose",70,682,3.66666666666667,5
"300","OI7_S24","Goose",42,724,1.83333333333333,3
"301","OI8_S25","Goose",42,NA,NA,NA
"302","OI9_S26","Goose",42,259,10.6666666666667,13
"303","PC100_S268","Pig",69,681,7.33333333333333,10
"304","PC19_S143","Pig",5,656,6.16666666666667,9
"305","PC2_S25","Pig",1,875,5.33333333333333,7
"306","PC20_S21","Pig",5,NA,NA,NA
"307","PC21_S2","Pig",6,NA,NA,NA
"308","PC22_S3","Pig",6,NA,NA,NA
"309","PC23_S6","Pig",6,623,3,3
"310","PC25_S142","Pig",14,798,3.4,5
"311","PC27_S265","Pig",16,603,10.4,14
"312","PC28_S196","Pig",16,189,13,13
"313","PC29_S52","Pig",16,603,10.4,14
"314","PC30-redeposit_S2","Pig",17,593,0,0
"315","PC31_S170","Pig",18,431,4,4
"316","PC32_S173","Pig",18,NA,NA,NA
"317","PC33_S141","Pig",18,NA,NA,NA
"318","PC34_S133","Pig",18,431,4,4
"319","PC35_S39","Pig",19,NA,NA,NA
"320","PC36_S41","Pig",19,NA,NA,NA
"321","PC37_S68","Pig",19,875,5.33333333333333,7
"322","PC38_S33","Pig",19,445,3.66666666666667,6
"323","PC39_S36","Pig",19,342,5.16666666666667,6
"324","PC4_S22","Pig",2,NA,NA,NA
"325","PC40_S44","Pig",22,NA,NA,NA
"326","PC41-redeposit_S4","Pig",22,606,2.16666666666667,4
"327","PC42_S72","Pig",22,NA,NA,NA
"328","PC45_S25","Pig",34,686,1.5,3
"329","PC46_S26","Pig",34,NA,NA,NA
"330","PC47_S24","Pig",35,563,1,1
"331","PC5_S36","Pig",2,606,2.16666666666667,4
"332","PC51_S27","Pig",38,413,3.33333333333333,5
"333","PC52_S28","Pig",38,686,1.5,3
"334","PC53_S29","Pig",38,724,1.83333333333333,3
"335","PC54_S30","Pig",38,970,1,2
"336","PC55_S31","Pig",42,432,2.66666666666667,5
"337","PC56_S89","Pig",44,NA,NA,NA
"338","PC57_S90","Pig",44,361,2,2
"339","PC58_S91","Pig",44,NA,NA,NA
"340","PC59_S92","Pig",44,NA,NA,NA
"341","PC60_S93","Pig",44,283,7.33333333333333,11
"342","PC61_S94","Pig",44,NA,NA,NA
"343","PC62_S95","Pig",44,NA,NA,NA
"344","PC63_S96","Pig",44,569,13.3333333333333,18
"345","PC65_S97","Pig",44,606,2.16666666666667,4
"346","PC66_S98","Pig",44,569,13.3333333333333,18
"347","PC67_S99","Pig",44,72,2.16666666666667,3
"348","PC68_S100","Pig",46,72,2.16666666666667,3
"349","PC70_S1","Pig",49,36,11.4,20
"350","PC75_S134","Pig",55,NA,NA,NA
"351","PC76_S108","Pig",55,362,7.5,10
"352","PC77_S36","Pig",55,593,0,0
"353","PC78_S122","Pig",55,619,5.66666666666667,8
"354","PC80_S126","Pig",55,36,11.4,20
"355","PC81_S145","Pig",55,577,5.4,6
"356","PC82_S91","Pig",55,NA,NA,NA
"357","PC83_S139","Pig",55,572,2.8,4
"358","PC84_S127","Pig",55,NA,NA,NA
"359","PC85_S132","Pig",55,694,5,7
"360","PC86_S133","Pig",55,619,5.66666666666667,8
"361","PC87_S135","Pig",55,760,11.4,15
"362","PC89_S92","Pig",62,NA,NA,NA
"363","PC91_S107","Pig",67,227,3.66666666666667,6
"364","PC92_S73","Pig",67,NA,NA,NA
"365","PC94_S12","Pig",68,NA,NA,NA
"366","PC95_S80","Pig",68,569,13.3333333333333,18
"367","PC98_S157","Pig",69,NA,NA,NA
"368","PC99_S154","Pig",69,681,7.33333333333333,10
"369","PG1_S3","Poultry",1,NA,NA,NA
"370","PG10_S44","Poultry",2,NA,NA,NA
"371","PG100_S42","Poultry",19,NA,NA,NA
"372","PG101_S40","Poultry",19,930,5.1,10
"373","PG102_S35","Poultry",19,416,4.3,8
"374","PG103_S34","Poultry",19,416,4.3,8
"375","PG104_S70","Poultry",20,454,6.8,10
"376","PG108_S269","Poultry",20,220,1,1
"377","PG115_S200","Poultry",21,NA,NA,NA
"378","PG121_S50","Poultry",22,177,5,5
"379","PG124_S37","Poultry",23,388,4,4
"380","PG128_S24","Poultry",23,388,4,4
"381","PG136_S26","Poultry",25,413,3.33333333333333,5
"382","PG137_S205","Poultry",25,656,6.16666666666667,9
"383","PG145-redeposit_S10","Poultry",26,432,2.66666666666667,5
"384","PG147_S112","Poultry",26,NA,NA,NA
"385","PG166_S136","Poultry",30,868,4.6,6
"386","PG178_S2","Poultry",32,843,3,5
"387","PG179_S3","Poultry",33,966,1,2
"388","PG181_S4","Poultry",33,NA,NA,NA
"389","PG189_S5","Poultry",34,458,3,4
"390","PG195_S6","Poultry",35,458,3,4
"391","PG199_S7","Poultry",36,NA,NA,NA
"392","PG200_S8","Poultry",36,22,9.4,13
"393","PG202_S9","Poultry",36,NA,NA,NA
"394","PG203_S10","Poultry",36,NA,NA,NA
"395","PG205_S11","Poultry",37,828,5.33333333333333,9
"396","PG206_S12","Poultry",38,445,3.66666666666667,6
"397","PG207_S13","Poultry",38,NA,NA,NA
"398","PG210_S14","Poultry",39,259,10.6666666666667,13
"399","PG211_S15","Poultry",39,NA,NA,NA
"400","PG212_S16","Poultry",39,875,5.33333333333333,7
"401","PG213_S17","Poultry",39,686,1.5,3
"402","PG214_S18","Poultry",39,635,4.33333333333333,6
"403","PG216_S19","Poultry",39,569,13.3333333333333,18
"404","PG217_S20","Poultry",39,NA,NA,NA
"405","PG218_S21","Poultry",39,723,1,1
"406","PG227_S3","Poultry",41,361,2,2
"407","PG231_S23","Poultry",41,930,5.1,10
"408","PG239_S37","Poultry",42,211,7,9
"409","PG248_S124","Poultry",44,826,3,7
"410","PG250_S3","Poultry",44,826,3,7
"411","PG251_S4","Poultry",44,NA,NA,NA
"412","PG253_S5","Poultry",44,31,6,6
"413","PG254_S6","Poultry",44,598,3,3
"414","PG258_S124","Poultry",46,391,2,2
"415","PG259_S125","Poultry",46,391,2,2
"416","PG263-redeposit_S3","Poultry",46,NA,NA,NA
"417","PG265_S127","Poultry",47,643,7.5,11
"418","PG266_S128","Poultry",47,994,4,7
"419","PG267_S129","Poultry",47,548,4.5,7
"420","PG268_S130","Poultry",47,643,7.5,11
"421","PG269_S131","Poultry",47,43,7,7
"422","PG270_S132","Poultry",47,930,5.1,10
"423","PG271_S133","Poultry",47,760,11.4,15
"424","PG273_S20","Poultry",47,843,3,5
"425","PG280_S155","Poultry",50,117,4.33333333333333,6
"426","PG283_S156","Poultry",50,398,8.33333333333333,10
"427","PG285_S154","Poultry",50,117,4.33333333333333,6
"428","PG289_S145","Poultry",52,787,5,5
"429","PG294_S21","Poultry",53,643,7.5,11
"430","PG295_S4","Poultry",53,22,9.4,13
"431","PG297_S17","Poultry",54,577,5.4,6
"432","PG298_S129","Poultry",54,NA,NA,NA
"433","PG299_S9","Poultry",54,548,4.5,7
"434","PG3-redeposit_S1","Poultry",1,70,10.8,16
"435","PG304_S20","Poultry",54,NA,NA,NA
"436","PG306_S18","Poultry",54,NA,NA,NA
"437","PG307_S116","Poultry",55,828,5.33333333333333,9
"438","PG308_S120","Poultry",55,NA,NA,NA
"439","PG309_S119","Poultry",55,NA,NA,NA
"440","PG31_S122","Poultry",6,NA,NA,NA
"441","PG310_S136","Poultry",55,211,7,9
"442","PG311_S125","Poultry",56,36,11.4,20
"443","PG312_S140","Poultry",56,943,2.66666666666667,4
"444","PG314_S141","Poultry",56,943,2.66666666666667,4
"445","PG315_S151","Poultry",56,476,7.66666666666667,9
"446","PG316_S144","Poultry",56,854,6.66666666666667,11
"447","PG317_S150","Poultry",56,869,1.33333333333333,2
"448","PG319_S121","Poultry",56,NA,NA,NA
"449","PG320_S131","Poultry",56,NA,NA,NA
"450","PG321_S117","Poultry",57,467,3.33333333333333,5
"451","PG324_S112","Poultry",58,925,10.6666666666667,14
"452","PG33_S193","Poultry",6,19,11,14
"453","PG335_S110","Poultry",59,601,3,3
"454","PG336_S113","Poultry",59,NA,NA,NA
"455","PG340_S90","Poultry",60,NA,NA,NA
"456","PG344_S89","Poultry",61,320,3.66666666666667,7
"457","PG348_S264","Poultry",62,NA,NA,NA
"458","PG35_S55","Poultry",6,605,1.83333333333333,3
"459","PG358_S265","Poultry",67,NA,NA,NA
"460","PG360_S116","Poultry",67,NA,NA,NA
"461","PG361_S266","Poultry",67,NA,NA,NA
"462","PG362_S71","Poultry",67,205,3,3
"463","PG363_S267","Poultry",67,205,3,3
"464","PG364_S149","Poultry",67,NA,NA,NA
"465","PG366_S15","Poultry",68,NA,NA,NA
"466","PG367_S72","Poultry",68,NA,NA,NA
"467","PG370_S270","Poultry",68,893,7,7
"468","PG373-redeposit_S1","Poultry",69,681,7.33333333333333,10
"469","PG381_S147","Poultry",70,682,3.66666666666667,5
"470","PG385_S10","Poultry",71,454,6.8,10
"471","PG39_S201","Poultry",6,623,3,3
"472","PG394_S14","Poultry",72,400,4,4
"473","PG40_S28","Poultry",6,NA,NA,NA
"474","PG46_S133","Poultry",7,NA,NA,NA
"475","PG47_S192","Poultry",8,668,6.5,10
"476","PG48_S134","Poultry",8,NA,NA,NA
"477","PG53_S194","Poultry",9,NA,NA,NA
"478","PG56-redeposit_S3","Poultry",10,178,5,7
"479","PG58_S48","Poultry",10,178,5,7
"480","PG63_S171","Poultry",10,178,5,7
"481","PG64_S38","Poultry",10,178,5,7
"482","PG69-redeposit_S5","Poultry",11,220,1,1
"483","PG7_S35","Poultry",1,NA,NA,NA
"484","PG70_S34","Poultry",11,NA,NA,NA
"485","PG72_S73","Poultry",11,283,7.33333333333333,11
"486","PG75_S148","Poultry",12,572,2.8,4
"487","PG76_S139","Poultry",12,505,6,6
"488","PG78_S202","Poultry",12,505,6,6
"489","PG8-redeposit_S148","Poultry",1,NA,NA,NA
"490","PG83_S134","Poultry",14,NA,NA,NA
"491","PG85_S13","Poultry",14,41,15.1666666666667,20
"492","PG86_S135","Poultry",14,798,3.4,5
"493","PG88_S65","Poultry",14,798,3.4,5
"494","PG89_S145","Poultry",15,812,4,7
"495","PG90_S138","Poultry",15,36,11.4,20
"496","PG92_S51","Poultry",16,207,4,4
"497","PG94_S12","Poultry",16,760,11.4,15
"498","PH10_S160","Poultry",52,476,7.66666666666667,9
"499","PH11_S157","Poultry",52,812,4,7
"500","PH12_S4","Poultry",60,605,1.83333333333333,3
"501","PH13_S87","Poultry",60,605,1.83333333333333,3
"502","PH14-redeposit_S9","Poultry",60,342,5.16666666666667,6
"503","PH15_S144","Poultry",60,NA,NA,NA
"504","PH16_S88","Poultry",60,NA,NA,NA
"505","PH5_S105","Poultry",49,964,0,0
"506","PH6_S106","Poultry",49,966,1,2
"507","PH7_S161","Poultry",52,467,3.33333333333333,5
"508","PH8_S162","Poultry",52,NA,NA,NA
"509","PP12_S88","Poultry",33,467,3.33333333333333,5
"510","PP19_S107","Poultry",55,NA,NA,NA
