"Resistance.gene";"Cat";"Cattle";"Chicken";"Dog";"Duck";"Goose";"Horse";"Human";"Pig";"Turkey";"Water"
"blaCTX.M.14";"12,5";"9,5";"7,0";"4,3";"10";"6,2";NA;"8,5";"9,1";NA;NA
"blaCTX.M.15";"75,0";"52,4";"65,5";"76,6";"80";"50,0";"50";"71,7";"71,2";"60";"77,8"
"blaCTX.M.27";"25,0";"19,0";"24,6";"12,8";"8";"18,8";NA;"11,3";"10,6";"30";"16,7"
"blaSHV.13";"6,2";"9,5";"4,2";NA;NA;"12,5";"50";"4,7";"3,0";NA;"5,6"
"blaTEM.158";"6,2";NA;"1,4";NA;NA;NA;NA;NA;NA;NA;NA
"blaTEM.169";"6,2";NA;"1,4";NA;NA;NA;NA;"0,9";NA;NA;NA
"blaTEM.1B";"56,2";"33,3";"43,0";"40,4";"46";"46,9";"100";"50,9";"51,5";"60";"38,9"
"blaCTX.M.1";NA;"9,5";"0,7";NA;"6";"12,5";NA;NA;NA;"10";NA
"blaCTX.M.55";NA;"4,8";"4,9";"6,4";"2";"9,4";NA;"2,8";"9,1";"10";"5,6"
"blaCTX.M.124";NA;NA;"2,1";NA;"4";NA;NA;"1,9";NA;NA;"5,6"
"blaCTX.M.3";NA;NA;"0,7";NA;NA;NA;NA;NA;NA;NA;NA
"blaIMP.4";NA;NA;"1,4";NA;NA;NA;NA;NA;NA;"10";NA
"blaOXA.1";NA;NA;"3,5";"2,1";"2";"6,2";NA;"8,5";NA;"10";"5,6"
"blaOXA.10";NA;NA;"1,4";NA;NA;NA;NA;NA;NA;NA;NA
"blaSHV.12";NA;NA;"0,7";NA;"2";NA;NA;"1,9";NA;NA;NA
"blaSRT.2";NA;NA;"0,7";NA;NA;NA;NA;NA;NA;"10";NA
"blaTEM.32";NA;NA;"0,7";NA;NA;NA;NA;NA;NA;NA;NA
"blaCMY.48";NA;NA;NA;NA;"2";NA;NA;NA;NA;NA;NA
"blaOXA.48";NA;NA;NA;NA;"2";NA;NA;NA;NA;NA;NA
"blaTEM.154";NA;NA;NA;NA;NA;NA;NA;"0,9";NA;NA;NA
"blaTEM.1C";NA;NA;NA;NA;NA;NA;NA;"0,9";"1,5";NA;NA
"blaTEM.35";NA;NA;NA;NA;NA;NA;NA;"0,9";NA;NA;NA
"blaCTX.M.71";NA;NA;NA;NA;NA;NA;NA;NA;"1,5";NA;NA
