isolate	83	87	phenotype
BV16_S49.scfd_00498 DNA gyrase, subunit A	S	D	WT
BV18_S57.scfd_01149 DNA gyrase, subunit A	S	D	WT
BV19_S192.scfd_00213 DNA gyrase, subunit A	S	D	WT
BV1_S194.scfd_01457 DNA gyrase, subunit A	S	D	WT
BV22_S63.scfd_01112 DNA gyrase, subunit A	S	D	WT
BV25_S137.scfd_01841 DNA gyrase, subunit A	S	D	WT
BV27_S110.scfd_02365 DNA gyrase, subunit A	S	D	WT
BV31_S27.scfd_01181 DNA gyrase, subunit A	L	D	S83L/D87
BV36_S28.scfd_00803 DNA gyrase, subunit A	S	D	WT
BV38_S29.scfd_00130 DNA gyrase, subunit A	S	D	WT
BV39_S30.scfd_01038 DNA gyrase, subunit A	S	D	WT
BV43_S31.scfd_00629 DNA gyrase, subunit A	S	D	WT
BV4_S105.scfd_00965 DNA gyrase, subunit A	L	D	S83L/D87
BV53_S32.scfd_04313 DNA gyrase, subunit A	S	D	WT
BV6_S190.scfd_00239 DNA gyrase, subunit A	S	D	WT
BV76_S111.scfd_00155 DNA gyrase, subunit A	L	D	S83L/D87
BV78_S106.scfd_00229 DNA gyrase, subunit A	S	D	WT
BV85_S113.scfd_03589 DNA gyrase, subunit A	S	D	WT
BV86_S118.scfd_03128 DNA gyrase, subunit A	L	N	S83L/D87N
CH10_S102.scfd_00683 DNA gyrase, subunit A	S	D	WT
CH10_S137.scfd_00724 DNA gyrase, subunit A	S	D	WT
CH14_S138.scfd_00738 DNA gyrase, subunit A	S	D	WT
CH14_S270.scfd_00706 DNA gyrase, subunit A	S	D	WT
CH14_S32.scfd_01749 DNA gyrase, subunit A	S	D	WT
CH15_S17.scfd_00144 DNA gyrase, subunit A	S	D	WT
CH16_S14.scfd_02223 DNA gyrase, subunit A	L	D	S83L/D87
CH17_S139.scfd_00968 DNA gyrase, subunit A	L	D	S83L/D87
CH17_S33.scfd_01669 DNA gyrase, subunit A	S	D	WT
CH19_S16.scfd_00651 DNA gyrase, subunit A	S	D	WT
CH20_S15.scfd_01056 DNA gyrase, subunit A	S	D	WT
CH21_S40.scfd_00876 DNA gyrase, subunit A	S	D	WT
CH22_S41.scfd_00705 DNA gyrase, subunit A	L	D	S83L/D87
CH23_S42.scfd_01049 DNA gyrase, subunit A	S	D	WT
CH25_S27.scfd_01843 DNA gyrase, subunit A	-	-	other(S83-/D87-)
CH26_S43.scfd_04405 DNA gyrase, subunit A	S	D	WT
CH2_S71.scfd_00353 DNA gyrase, subunit A	S	D	WT
CH30_S39.scfd_00377 DNA gyrase, subunit A	S	D	WT
CH31_S47.scfd_01930 DNA gyrase, subunit A	L	D	S83L/D87
CH32_S172.scfd_00983 DNA gyrase, subunit A	L	D	S83L/D87
CH33_S174.scfd_00835 DNA gyrase, subunit A	L	D	S83L/D87
CH35_S140.scfd_00114 DNA gyrase, subunit A	S	D	WT
CH37_S54.scfd_00858 DNA gyrase, subunit A	L	D	S83L/D87
CH38_S141.scfd_00751 DNA gyrase, subunit A	S	D	WT
CH38_S34.scfd_01854 DNA gyrase, subunit A	S	D	WT
CH39_S10.scfd_01413 DNA gyrase, subunit A	S	D	WT
CH39_S2.scfd_02616 DNA gyrase, subunit A	L	D	S83L/D87
CH43_S12.scfd_00323 DNA gyrase, subunit A	S	D	WT
CH45_S13.scfd_00154 DNA gyrase, subunit A	S	D	WT
CH46_S14.scfd_01328 DNA gyrase, subunit A	S	D	WT
CH48_S15.scfd_00613 DNA gyrase, subunit A	S	D	WT
CH49_S16.scfd_01702 DNA gyrase, subunit A	S	D	WT
CH54_S17.scfd_01078 DNA gyrase, subunit A	S	D	WT
CH55_S18.scfd_02977 DNA gyrase, subunit A	L	D	S83L/D87
CH56_S19.scfd_00226 DNA gyrase, subunit A	S	D	WT
CH57_S20.scfd_01204 DNA gyrase, subunit A	S	D	WT
CH59_S21.scfd_00455 DNA gyrase, subunit A	S	D	WT
CH60_S22.scfd_00405 DNA gyrase, subunit A	S	D	WT
CH62_S23.scfd_00995 DNA gyrase, subunit A	L	N	S83L/D87N
CH66_S103.scfd_00203 DNA gyrase, subunit A	S	D	WT
CH66_S152.scfd_01859 DNA gyrase, subunit A	L	N	S83L/D87N
CH67_S104.scfd_00123 DNA gyrase, subunit A	S	D	WT
CH71_S2.scfd_00506 DNA gyrase, subunit A	S	D	WT
CH72_S67.scfd_01439 DNA gyrase, subunit A	S	D	WT
CH74_S18.scfd_00238 DNA gyrase, subunit A	S	D	WT
CH78_S137.scfd_02514 DNA gyrase, subunit A	S	D	WT
CH7_S188.scfd_00644 DNA gyrase, subunit A	L	N	S83L/D87N
CH81_S143.scfd_01975 DNA gyrase, subunit A	S	D	WT
CH86_S93.scfd_01234 DNA gyrase, subunit A	L	N	S83L/D87N
CH89_S145.scfd_03121 DNA gyrase, subunit A	S	D	WT
CH8_S267.scfd_00766 DNA gyrase, subunit A	S	D	WT
CH90_S276.scfd_00291 DNA gyrase, subunit A	L	D	S83L/D87
CH97_S19.scfd_02402 DNA gyrase, subunit A	S	D	WT
CN12_S149.scfd_00553 DNA gyrase, subunit A	S	D	WT
CN13_S203.scfd_01946 DNA gyrase, subunit A	S	D	WT
CN14_S198.scfd_01675 DNA gyrase, subunit A	-	-	other(S83-/D87-)
CN15_S62.scfd_01943 DNA gyrase, subunit A	S	D	WT
CN16_S135.scfd_00682 DNA gyrase, subunit A	S	D	WT
CN17_S147.scfd_00112 DNA gyrase, subunit A	L	N	S83L/D87N
CN18_S4.scfd_00260 DNA gyrase, subunit A	S	D	WT
CN1_S196.scfd_00275 DNA gyrase, subunit A	S	D	WT
CN23_S7.scfd_02316 DNA gyrase, subunit A	L	D	S83L/D87
CN24_S20.scfd_00736 DNA gyrase, subunit A	S	D	WT
CN25_S10.scfd_00123 DNA gyrase, subunit A	S	D	WT
CN26_S11.scfd_02848 DNA gyrase, subunit A	S	D	WT
CN28_S5.scfd_00245 DNA gyrase, subunit A	S	D	WT
CN29_S146.scfd_00822 DNA gyrase, subunit A	L	N	S83L/D87N
CN31_S151.scfd_00048 DNA gyrase, subunit A	S	D	WT
CN31_S84.scfd_01513 DNA gyrase, subunit A	S	D	WT
CN33_S52.scfd_00727 DNA gyrase, subunit A	S	D	WT
CN35_S53.scfd_03800 DNA gyrase, subunit A	S	D	WT
CN36_S121.scfd_00472 DNA gyrase, subunit A	S	D	WT
CN36_S152.scfd_00207 DNA gyrase, subunit A	S	D	WT
CN39_S122.scfd_01180 DNA gyrase, subunit A	L	D	S83L/D87
CN39_S153.scfd_01225 DNA gyrase, subunit A	S	D	WT
CN40_S11.scfd_00610 DNA gyrase, subunit A	S	D	WT
CN40_S154.scfd_02065 DNA gyrase, subunit A	S	D	WT
CN44_S123.scfd_01375 DNA gyrase, subunit A	L	D	S83L/D87
CN48_S85.scfd_00127 DNA gyrase, subunit A	S	D	WT
CN49_S86.scfd_00213 DNA gyrase, subunit A	S	D	WT
CN51_S87.scfd_00215 DNA gyrase, subunit A	S	D	WT
CN56_S69.scfd_00336 DNA gyrase, subunit A	S	D	WT
CN57_S7.scfd_00518 DNA gyrase, subunit A	S	D	WT
CN58_S110.scfd_00686 DNA gyrase, subunit A	S	D	WT
CN59_S118.scfd_00150 DNA gyrase, subunit A	S	D	WT
CN60_S114.scfd_00105 DNA gyrase, subunit A	S	D	WT
CN61_S142.scfd_00621 DNA gyrase, subunit A	S	D	WT
CN62_S148.scfd_00111 DNA gyrase, subunit A	S	D	WT
CN63_S11.scfd_00569 DNA gyrase, subunit A	S	D	WT
CN65_S114.scfd_02795 DNA gyrase, subunit A	S	D	WT
CN68_S153.scfd_00563 DNA gyrase, subunit A	S	D	WT
CN69_S115.scfd_00894 DNA gyrase, subunit A	S	D	WT
CN70_S138.scfd_01414 DNA gyrase, subunit A	S	D	WT
CN71_S260.scfd_03538 DNA gyrase, subunit A	S	D	WT
CN75_S10.scfd_00954 DNA gyrase, subunit A	L	D	S83L/D87
CN79_S90.scfd_02459 DNA gyrase, subunit A	S	D	WT
CN81_S91.scfd_00544 DNA gyrase, subunit A	S	D	WT
CN82_S104.scfd_03352 DNA gyrase, subunit A	S	D	WT
CN83_S264.scfd_00660 DNA gyrase, subunit A	S	D	WT
CN84_S11.scfd_01427 DNA gyrase, subunit A	S	D	WT
CN85_S93.scfd_00199 DNA gyrase, subunit A	L	D	S83L/D87
CN86_S117.scfd_03220 DNA gyrase, subunit A	S	D	WT
CN87_S153.scfd_02073 DNA gyrase, subunit A	S	D	WT
CN89_S106.scfd_01090 DNA gyrase, subunit A	S	D	WT
CN90_S115.scfd_00153 DNA gyrase, subunit A	L	N	S83L/D87N
CN92_S14.scfd_00508 DNA gyrase, subunit A	S	D	WT
CN96_S16.scfd_04533 DNA gyrase, subunit A	S	D	WT
CT12_S38.scfd_00595 DNA gyrase, subunit A	S	D	WT
CT13_S56.scfd_01386 DNA gyrase, subunit A	S	D	WT
CT15_S46.scfd_00566 DNA gyrase, subunit A	S	D	WT
CT20_S45.scfd_00153 DNA gyrase, subunit A	L	N	S83L/D87N
CT21_S64.scfd_03309 DNA gyrase, subunit A	S	D	WT
CT27_S119.scfd_00622 DNA gyrase, subunit A	L	D	S83L/D87
CT27_S155.scfd_00488 DNA gyrase, subunit A	L	D	S83L/D87
CT32_S156.scfd_00578 DNA gyrase, subunit A	S	D	WT
CT34_S120.scfd_00603 DNA gyrase, subunit A	S	D	WT
CT38_S121.scfd_00223 DNA gyrase, subunit A	S	D	WT
CT3_S18.scfd_04507 DNA gyrase, subunit A	S	D	WT
CT49_S17.scfd_01978 DNA gyrase, subunit A	S	D	WT
CT55_S273.scfd_00582 DNA gyrase, subunit A	L	N	S83L/D87N
CT63_S278.scfd_04149 DNA gyrase, subunit A	S	D	WT
CT6_S51.scfd_00765 DNA gyrase, subunit A	S	D	WT
CV8_S101.scfd_01746 DNA gyrase, subunit A	S	D	WT
CV9_S112.scfd_00717 DNA gyrase, subunit A	S	D	WT
DI10_S118.scfd_03851 DNA gyrase, subunit A	-	-	other(S83-/D87-)
DI13_S156.scfd_00948 DNA gyrase, subunit A	L	D	S83L/D87
DI1_S186.scfd_03866 DNA gyrase, subunit A	S	D	WT
DI2_S147.scfd_01591 DNA gyrase, subunit A	L	D	S83L/D87
DI4_S60.scfd_02489 DNA gyrase, subunit A	-	-	other(S83-/D87-)
DI5_S114.scfd_00214 DNA gyrase, subunit A	S	D	WT
DI7_S115.scfd_01055 DNA gyrase, subunit A	S	D	WT
DI8_S116.scfd_01670 DNA gyrase, subunit A	S	D	WT
DI9_S117.scfd_02371 DNA gyrase, subunit A	S	D	WT
E10_S61.scfd_00718 DNA gyrase, subunit A	S	D	WT
E20_S62.scfd_00801 DNA gyrase, subunit A	S	D	WT
E22_S60.scfd_01106 DNA gyrase, subunit A	S	D	WT
E25_S272.scfd_01385 DNA gyrase, subunit A	S	D	WT
E30_S49.scfd_01262 DNA gyrase, subunit A	L	N	S83L/D87N
E33_S61.scfd_00111 DNA gyrase, subunit A	S	D	WT
E35_S197.scfd_01872 DNA gyrase, subunit A	S	D	WT
E37_S116.scfd_01129 DNA gyrase, subunit A	L	D	S83L/D87
E37_S157.scfd_01123 DNA gyrase, subunit A	S	D	WT
E49_S117.scfd_01422 DNA gyrase, subunit A	L	D	S83L/D87
E52_S118.scfd_00576 DNA gyrase, subunit A	S	D	WT
E53_S119.scfd_00833 DNA gyrase, subunit A	S	D	WT
E63_S120.scfd_00329 DNA gyrase, subunit A	S	D	WT
E71_S158.scfd_01878 DNA gyrase, subunit A	S	D	WT
E73_S19.scfd_00909 DNA gyrase, subunit A	L	D	S83L/D87
E79_S7.scfd_01806 DNA gyrase, subunit A	S	D	WT
E84_S9.scfd_00162 DNA gyrase, subunit A	L	N	S83L/D87N
E87_S103.scfd_01163 DNA gyrase, subunit A	L	N	S83L/D87N
E97_S77.scfd_00253 DNA gyrase, subunit A	S	D	WT
H100_S195.scfd_00425 DNA gyrase, subunit A	L	N	S83L/D87N
H104_S1.scfd_00981 DNA gyrase, subunit A	S	D	WT
H105_S5.scfd_00892 DNA gyrase, subunit A	L	D	S83L/D87
H108_S199.scfd_00837 DNA gyrase, subunit A	L	N	S83L/D87N
H111_S144.scfd_00878 DNA gyrase, subunit A	L	N	S83L/D87N
H111_S5.scfd_01404 DNA gyrase, subunit A	L	N	S83L/D87N
H117_S140.scfd_00866 DNA gyrase, subunit A	L	N	S83L/D87N
H118_S58.scfd_02623 DNA gyrase, subunit A	L	N	S83L/D87N
H11_S59.scfd_00151 DNA gyrase, subunit A	S	D	WT
H122_S136.scfd_00358 DNA gyrase, subunit A	L	D	S83L/D87
H125_S106.scfd_00972 DNA gyrase, subunit A	L	D	S83L/D87
H129_S53.scfd_00914 DNA gyrase, subunit A	L	D	S83L/D87
H12_S69.scfd_00359 DNA gyrase, subunit A	S	D	WT
H136_S109.scfd_00544 DNA gyrase, subunit A	S	D	WT
H137_S50.scfd_01342 DNA gyrase, subunit A	S	D	WT
H139_S272.scfd_03336 DNA gyrase, subunit A	S	D	WT
H139_S273.scfd_00259 DNA gyrase, subunit A	S	D	WT
H13_S56.scfd_01523 DNA gyrase, subunit A	L	D	S83L/D87
H144_S111.scfd_00850 DNA gyrase, subunit A	L	D	S83L/D87
H147_S2.scfd_01027 DNA gyrase, subunit A	-	-	other(S83-/D87-)
H151_S58.scfd_01092 DNA gyrase, subunit A	S	D	WT
H153_S145.scfd_00254 DNA gyrase, subunit A	S	D	WT
H154_S59.scfd_06245 DNA gyrase, subunit A	-	-	other(S83-/D87-)
H155_S1.scfd_00580 DNA gyrase, subunit A	S	D	WT
H155_S146.scfd_01329 DNA gyrase, subunit A	L	N	S83L/D87N
H160_S147.scfd_01316 DNA gyrase, subunit A	L	N	S83L/D87N
H160_S2.scfd_00795 DNA gyrase, subunit A	S	D	WT
H164_S148.scfd_01348 DNA gyrase, subunit A	S	D	WT
H164_S3.scfd_02527 DNA gyrase, subunit A	S	D	WT
H172_S149.scfd_01995 DNA gyrase, subunit A	S	D	WT
H172_S5.scfd_00312 DNA gyrase, subunit A	S	D	WT
H177_S6.scfd_00792 DNA gyrase, subunit A	S	D	WT
H183_S7.scfd_00350 DNA gyrase, subunit A	S	D	WT
H187_S4.scfd_00312 DNA gyrase, subunit A	S	D	WT
H190_S9.scfd_00205 DNA gyrase, subunit A	L	N	S83L/D87N
H191_S10.scfd_00873 DNA gyrase, subunit A	S	D	WT
H194_S103.scfd_03989 DNA gyrase, subunit A	S	D	WT
H195_S104.scfd_00209 DNA gyrase, subunit A	S	D	WT
H196_S105.scfd_00119 DNA gyrase, subunit A	L	N	S83L/D87N
H198_S8.scfd_02052 DNA gyrase, subunit A	L	N	S83L/D87N
H1_S112.scfd_01663 DNA gyrase, subunit A	S	D	WT
H200_S106.scfd_04024 DNA gyrase, subunit A	S	D	WT
H204_S107.scfd_03847 DNA gyrase, subunit A	S	D	WT
H205_S108.scfd_01031 DNA gyrase, subunit A	S	D	WT
H207_S109.scfd_03359 DNA gyrase, subunit A	L	N	S83L/D87N
H217_S110.scfd_01298 DNA gyrase, subunit A	S	D	WT
H225_S114.scfd_01341 DNA gyrase, subunit A	S	D	WT
H228_S115.scfd_01048 DNA gyrase, subunit A	L	D	S83L/D87
H231_S276.scfd_00823 DNA gyrase, subunit A	S	D	WT
H236_S6.scfd_00112 DNA gyrase, subunit A	L	N	S83L/D87N
H239_S7.scfd_00302 DNA gyrase, subunit A	S	D	WT
H241_S8.scfd_00077 DNA gyrase, subunit A	S	D	WT
H242_S271.scfd_00639 DNA gyrase, subunit A	S	D	WT
H245_S9.scfd_00200 DNA gyrase, subunit A	S	D	WT
H248_S10.scfd_01966 DNA gyrase, subunit A	S	D	WT
H249_S83.scfd_00869 DNA gyrase, subunit A	S	D	WT
H265_S151.scfd_04502 DNA gyrase, subunit A	S	D	WT
H267_S5.scfd_03444 DNA gyrase, subunit A	S	D	WT
H268_S152.scfd_00607 DNA gyrase, subunit A	L	D	S83L/D87
H26_S57.scfd_00144 DNA gyrase, subunit A	S	D	WT
H277_S113.scfd_00721 DNA gyrase, subunit A	L	N	S83L/D87N
H282_S150.scfd_00546 DNA gyrase, subunit A	S	D	WT
H283_S147.scfd_00230 DNA gyrase, subunit A	S	D	WT
H286_S149.scfd_01933 DNA gyrase, subunit A	L	D	S83L/D87
H287_S159.scfd_02075 DNA gyrase, subunit A	S	D	WT
H288_S158.scfd_02573 DNA gyrase, subunit A	L	N	S83L/D87N
H289_S92.scfd_00182 DNA gyrase, subunit A	S	D	WT
H290_S90.scfd_00426 DNA gyrase, subunit A	L	N	S83L/D87N
H294_S155.scfd_00716 DNA gyrase, subunit A	S	D	WT
H295_S108.scfd_01850 DNA gyrase, subunit A	L	N	S83L/D87N
H298_S109.scfd_03045 DNA gyrase, subunit A	S	D	WT
H29_S189.scfd_00445 DNA gyrase, subunit A	L	D	S83L/D87
H307_S275.scfd_02970 DNA gyrase, subunit A	S	D	WT
H308_S143.scfd_03118 DNA gyrase, subunit A	S	D	WT
H311_S265.scfd_00130 DNA gyrase, subunit A	S	D	WT
H315_S94.scfd_00514 DNA gyrase, subunit A	S	D	WT
H31_S108.scfd_01398 DNA gyrase, subunit A	S	D	WT
H322_S277.scfd_00783 DNA gyrase, subunit A	S	D	WT
H327_S105.scfd_03715 DNA gyrase, subunit A	-	-	other(S83-/D87-)
H32_S204.scfd_02090 DNA gyrase, subunit A	L	D	S83L/D87
H332_S274.scfd_00111 DNA gyrase, subunit A	S	D	WT
H339_S261.scfd_01053 DNA gyrase, subunit A	S	D	WT
H340_S111.scfd_02088 DNA gyrase, subunit A	S	D	WT
H341_S75.scfd_01385 DNA gyrase, subunit A	S	D	WT
H342_S8.scfd_00491 DNA gyrase, subunit A	S	D	WT
H343_S74.scfd_00132 DNA gyrase, subunit A	S	D	WT
H348_S148.scfd_00584 DNA gyrase, subunit A	S	D	WT
H359_S13.scfd_00983 DNA gyrase, subunit A	S	D	WT
H35_S65.scfd_00348 DNA gyrase, subunit A	S	D	WT
H360_S105.scfd_00413 DNA gyrase, subunit A	S	D	WT
H39_S46.scfd_00664 DNA gyrase, subunit A	S	D	WT
H3_S195.scfd_00116 DNA gyrase, subunit A	L	N	S83L/D87N
H42_S271.scfd_00552 DNA gyrase, subunit A	L	N	S83L/D87N
H49_S266.scfd_00252 DNA gyrase, subunit A	S	D	WT
H5_S187.scfd_02517 DNA gyrase, subunit A	S	D	WT
H66_S191.scfd_02862 DNA gyrase, subunit A	S	D	WT
H71_S63.scfd_02083 DNA gyrase, subunit A	S	D	WT
H73_S193.scfd_00205 DNA gyrase, subunit A	L	N	S83L/D87N
H74_S144.scfd_02323 DNA gyrase, subunit A	S	D	WT
H76_S107.scfd_00346 DNA gyrase, subunit A	L	D	S83L/D87
H78_S67.scfd_00158 DNA gyrase, subunit A	S	D	WT
H79_S66.scfd_02914 DNA gyrase, subunit A	S	D	WT
H7_S268.scfd_02113 DNA gyrase, subunit A	S	D	WT
H82_S55.scfd_00735 DNA gyrase, subunit A	S	D	WT
H84_S64.scfd_01762 DNA gyrase, subunit A	L	D	S83L/D87
H85_S9.scfd_00922 DNA gyrase, subunit A	S	D	WT
H87_S8.scfd_00815 DNA gyrase, subunit A	S	D	WT
H88_S142.scfd_01225 DNA gyrase, subunit A	S	D	WT
H93_S1.scfd_01109 DNA gyrase, subunit A	L	D	S83L/D87
H94_S150.scfd_01180 DNA gyrase, subunit A	S	D	WT
H97_S47.scfd_00568 DNA gyrase, subunit A	L	N	S83L/D87N
H99_S143.scfd_02626 DNA gyrase, subunit A	S	D	WT
H99_S4.scfd_02666 DNA gyrase, subunit A	S	D	WT
OI13_S107.scfd_01499 DNA gyrase, subunit A	S	D	WT
OI14_S108.scfd_00669 DNA gyrase, subunit A	S	D	WT
OI15_S109.scfd_01034 DNA gyrase, subunit A	L	D	S83L/D87
OI17_S110.scfd_00970 DNA gyrase, subunit A	S	D	WT
OI18_S111.scfd_00987 DNA gyrase, subunit A	S	D	WT
OI19_S112.scfd_00519 DNA gyrase, subunit A	S	D	WT
OI21_S113.scfd_00065 DNA gyrase, subunit A	S	D	WT
OI23_S263.scfd_03267 DNA gyrase, subunit A	L	D	S83L/D87
OI24_S130.scfd_00431 DNA gyrase, subunit A	L	D	S83L/D87
OI25_S124.scfd_00830 DNA gyrase, subunit A	L	N	S83L/D87N
OI26_S262.scfd_03694 DNA gyrase, subunit A	S	D	WT
OI27_S4.scfd_04085 DNA gyrase, subunit A	S	D	WT
OI28_S68.scfd_00184 DNA gyrase, subunit A	S	D	WT
OI29_S3.scfd_02159 DNA gyrase, subunit A	S	D	WT
OI30_S264.scfd_00887 DNA gyrase, subunit A	L	D	S83L/D87
OI31_S15.scfd_00896 DNA gyrase, subunit A	S	D	WT
OI32_S13.scfd_00762 DNA gyrase, subunit A	S	D	WT
OI34_S12.scfd_01861 DNA gyrase, subunit A	S	D	WT
OI35_S123.scfd_00990 DNA gyrase, subunit A	L	N	S83L/D87N
OI37_S128.scfd_00795 DNA gyrase, subunit A	S	D	WT
OI38_S16.scfd_02290 DNA gyrase, subunit A	S	D	WT
OI40_S146.scfd_01645 DNA gyrase, subunit A	A	D	S83A/D87
OI41_S8.scfd_00166 DNA gyrase, subunit A	S	D	WT
OI44_S102.scfd_04413 DNA gyrase, subunit A	-	-	other(S83-/D87-)
OI47_S96.scfd_00095 DNA gyrase, subunit A	L	N	S83L/D87N
OI49_S109.scfd_00848 DNA gyrase, subunit A	S	D	WT
OI50_S79.scfd_00004 DNA gyrase, subunit A	L	D	S83L/D87
OI51_S78.scfd_00481 DNA gyrase, subunit A	S	D	WT
OI53_S76.scfd_00717 DNA gyrase, subunit A	L	N	S83L/D87N
OI7_S24.scfd_01314 DNA gyrase, subunit A	S	D	WT
OI8_S25.scfd_03749 DNA gyrase, subunit A	L	N	S83L/D87N
OI9_S26.scfd_00919 DNA gyrase, subunit A	S	D	WT
PC100_S268.scfd_00999 DNA gyrase, subunit A	L	N	S83L/D87N
PC19_S143.scfd_00588 DNA gyrase, subunit A	S	D	WT
PC20_S21.scfd_00521 DNA gyrase, subunit A	S	D	WT
PC21_S2.scfd_00209 DNA gyrase, subunit A	S	D	WT
PC22_S3.scfd_00728 DNA gyrase, subunit A	S	D	WT
PC23_S6.scfd_01177 DNA gyrase, subunit A	S	D	WT
PC25_S142.scfd_00889 DNA gyrase, subunit A	S	D	WT
PC27_S265.scfd_00213 DNA gyrase, subunit A	S	D	WT
PC28_S196.scfd_00361 DNA gyrase, subunit A	-	-	other(S83-/D87-)
PC29_S52.scfd_00446 DNA gyrase, subunit A	S	D	WT
PC2_S25.scfd_01379 DNA gyrase, subunit A	S	D	WT
PC30_S33.scfd_00626 DNA gyrase, subunit A	S	D	WT
PC31_S170.scfd_00169 DNA gyrase, subunit A	S	D	WT
PC32_S173.scfd_01189 DNA gyrase, subunit A	S	D	WT
PC33_S141.scfd_00205 DNA gyrase, subunit A	S	D	WT
PC34_S133.scfd_01019 DNA gyrase, subunit A	S	D	WT
PC35_S39.scfd_00792 DNA gyrase, subunit A	S	D	WT
PC36_S41.scfd_01498 DNA gyrase, subunit A	S	D	WT
PC37_S68.scfd_01145 DNA gyrase, subunit A	S	D	WT
PC38_S33.scfd_01708 DNA gyrase, subunit A	L	D	S83L/D87
PC39_S36.scfd_00687 DNA gyrase, subunit A	S	D	WT
PC40_S44.scfd_02596 DNA gyrase, subunit A	S	D	WT
PC41_S43.scfd_04178 DNA gyrase, subunit A	S	D	WT
PC42_S72.scfd_01833 DNA gyrase, subunit A	S	D	WT
PC45_S25.scfd_00797 DNA gyrase, subunit A	S	D	WT
PC46_S26.scfd_01328 DNA gyrase, subunit A	S	D	WT
PC47_S24.scfd_02230 DNA gyrase, subunit A	S	D	WT
PC4_S22.scfd_01036 DNA gyrase, subunit A	S	D	WT
PC51_S27.scfd_00837 DNA gyrase, subunit A	S	D	WT
PC52_S28.scfd_00269 DNA gyrase, subunit A	S	D	WT
PC53_S29.scfd_01094 DNA gyrase, subunit A	S	D	WT
PC54_S30.scfd_00163 DNA gyrase, subunit A	S	D	WT
PC55_S31.scfd_00176 DNA gyrase, subunit A	S	D	WT
PC56_S89.scfd_02757 DNA gyrase, subunit A	S	D	WT
PC57_S90.scfd_00198 DNA gyrase, subunit A	S	D	WT
PC58_S91.scfd_01307 DNA gyrase, subunit A	S	D	WT
PC59_S92.scfd_01836 DNA gyrase, subunit A	S	D	WT
PC5_S36.scfd_04386 DNA gyrase, subunit A	S	D	WT
PC5_S54.scfd_00641 DNA gyrase, subunit A	S	D	WT
PC60_S93.scfd_01045 DNA gyrase, subunit A	S	D	WT
PC61_S94.scfd_00503 DNA gyrase, subunit A	S	D	WT
PC62_S95.scfd_03134 DNA gyrase, subunit A	S	D	WT
PC63_S96.scfd_01615 DNA gyrase, subunit A	S	D	WT
PC65_S97.scfd_00124 DNA gyrase, subunit A	S	D	WT
PC66_S98.scfd_01972 DNA gyrase, subunit A	S	D	WT
PC67_S99.scfd_00132 DNA gyrase, subunit A	S	D	WT
PC68_S100.scfd_00123 DNA gyrase, subunit A	S	D	WT
PC70_S1.scfd_01720 DNA gyrase, subunit A	S	D	WT
PC75_S134.scfd_01436 DNA gyrase, subunit A	L	N	S83L/D87N
PC76_S108.scfd_02530 DNA gyrase, subunit A	S	D	WT
PC78_S122.scfd_00133 DNA gyrase, subunit A	S	D	WT
PC80_S126.scfd_01923 DNA gyrase, subunit A	S	D	WT
PC81_S145.scfd_03439 DNA gyrase, subunit A	L	D	S83L/D87
PC82_S91.scfd_00164 DNA gyrase, subunit A	S	D	WT
PC83_S139.scfd_01800 DNA gyrase, subunit A	L	D	S83L/D87
PC84_S127.scfd_01755 DNA gyrase, subunit A	S	D	WT
PC85_S132.scfd_00121 DNA gyrase, subunit A	S	D	WT
PC86_S133.scfd_00365 DNA gyrase, subunit A	S	D	WT
PC87_S135.scfd_00159 DNA gyrase, subunit A	S	D	WT
PC89_S92.scfd_00394 DNA gyrase, subunit A	L	D	S83L/D87
PC91_S107.scfd_03075 DNA gyrase, subunit A	S	D	WT
PC92_S73.scfd_00004 DNA gyrase, subunit A	L	D	S83L/D87
PC94_S12.scfd_02300 DNA gyrase, subunit A	L	N	S83L/D87N
PC95_S80.scfd_00182 DNA gyrase, subunit A	S	D	WT
PC98_S157.scfd_01433 DNA gyrase, subunit A	L	N	S83L/D87N
PC99_S154.scfd_00252 DNA gyrase, subunit A	L	N	S83L/D87N
PG100_S42.scfd_00352 DNA gyrase, subunit A	S	D	WT
PG101_S40.scfd_00580 DNA gyrase, subunit A	L	N	S83L/D87N
PG102_S35.scfd_00428 DNA gyrase, subunit A	L	N	S83L/D87N
PG103_S34.scfd_00112 DNA gyrase, subunit A	L	N	S83L/D87N
PG104_S70.scfd_00164 DNA gyrase, subunit A	S	D	WT
PG108_S269.scfd_00111 DNA gyrase, subunit A	S	D	WT
PG10_S44.scfd_00330 DNA gyrase, subunit A	S	D	WT
PG115_S200.scfd_00720 DNA gyrase, subunit A	S	D	WT
PG121_S50.scfd_00155 DNA gyrase, subunit A	L	D	S83L/D87
PG124_S37.scfd_01405 DNA gyrase, subunit A	S	D	WT
PG128_S24.scfd_01324 DNA gyrase, subunit A	S	D	WT
PG136_S26.scfd_00727 DNA gyrase, subunit A	S	D	WT
PG137_S205.scfd_00603 DNA gyrase, subunit A	S	D	WT
PG145_S111.scfd_02214 DNA gyrase, subunit A	S	D	WT
PG147_S112.scfd_00831 DNA gyrase, subunit A	S	D	WT
PG166_S1.scfd_00273 DNA gyrase, subunit A	S	D	WT
PG166_S136.scfd_00347 DNA gyrase, subunit A	S	D	WT
PG178_S2.scfd_02267 DNA gyrase, subunit A	S	D	WT
PG179_S3.scfd_00353 DNA gyrase, subunit A	S	D	WT
PG181_S4.scfd_03873 DNA gyrase, subunit A	S	D	WT
PG189_S5.scfd_00415 DNA gyrase, subunit A	S	D	WT
PG195_S6.scfd_01054 DNA gyrase, subunit A	S	D	WT
PG199_S7.scfd_02140 DNA gyrase, subunit A	-	-	other(S83-/D87-)
PG1_S3.scfd_00437 DNA gyrase, subunit A	S	D	WT
PG200_S8.scfd_03316 DNA gyrase, subunit A	-	-	other(S83-/D87-)
PG202_S9.scfd_00234 DNA gyrase, subunit A	S	D	WT
PG203_S10.scfd_02293 DNA gyrase, subunit A	S	D	WT
PG205_S11.scfd_01616 DNA gyrase, subunit A	S	D	WT
PG206_S12.scfd_01248 DNA gyrase, subunit A	L	D	S83L/D87
PG207_S13.scfd_02822 DNA gyrase, subunit A	-	-	other(S83-/D87-)
PG210_S14.scfd_03128 DNA gyrase, subunit A	S	D	WT
PG211_S15.scfd_01015 DNA gyrase, subunit A	L	N	S83L/D87N
PG212_S16.scfd_00579 DNA gyrase, subunit A	S	D	WT
PG213_S17.scfd_00927 DNA gyrase, subunit A	S	D	WT
PG214_S18.scfd_00802 DNA gyrase, subunit A	S	D	WT
PG216_S19.scfd_02473 DNA gyrase, subunit A	S	D	WT
PG217_S20.scfd_00550 DNA gyrase, subunit A	S	D	WT
PG218_S21.scfd_02486 DNA gyrase, subunit A	S	D	WT
PG227_S22.scfd_01425 DNA gyrase, subunit A	S	D	WT
PG227_S3.scfd_00198 DNA gyrase, subunit A	S	D	WT
PG231_S23.scfd_00461 DNA gyrase, subunit A	L	N	S83L/D87N
PG248_S124.scfd_01459 DNA gyrase, subunit A	L	D	S83L/D87
PG250_S3.scfd_01355 DNA gyrase, subunit A	L	D	S83L/D87
PG251_S4.scfd_02064 DNA gyrase, subunit A	S	D	WT
PG253_S5.scfd_02631 DNA gyrase, subunit A	S	D	WT
PG254_S6.scfd_00380 DNA gyrase, subunit A	S	D	WT
PG258_S124.scfd_01205 DNA gyrase, subunit A	L	D	S83L/D87
PG259_S125.scfd_01689 DNA gyrase, subunit A	L	D	S83L/D87
PG265_S127.scfd_03530 DNA gyrase, subunit A	L	D	S83L/D87
PG266_S128.scfd_01153 DNA gyrase, subunit A	S	D	WT
PG267_S129.scfd_00340 DNA gyrase, subunit A	S	D	WT
PG268_S130.scfd_00679 DNA gyrase, subunit A	L	D	S83L/D87
PG269_S131.scfd_03389 DNA gyrase, subunit A	L	N	S83L/D87N
PG270_S132.scfd_00533 DNA gyrase, subunit A	L	N	S83L/D87N
PG271_S133.scfd_00011 DNA gyrase, subunit A	S	D	WT
PG273_S20.scfd_04612 DNA gyrase, subunit A	S	D	WT
PG280_S155.scfd_00239 DNA gyrase, subunit A	L	D	S83L/D87
PG283_S156.scfd_00506 DNA gyrase, subunit A	S	D	WT
PG285_S154.scfd_01980 DNA gyrase, subunit A	L	D	S83L/D87
PG289_S145.scfd_02380 DNA gyrase, subunit A	S	D	WT
PG294_S21.scfd_01689 DNA gyrase, subunit A	L	D	S83L/D87
PG295_S4.scfd_01371 DNA gyrase, subunit A	S	D	WT
PG297_S17.scfd_01118 DNA gyrase, subunit A	L	D	S83L/D87
PG298_S129.scfd_01089 DNA gyrase, subunit A	S	D	WT
PG299_S9.scfd_00779 DNA gyrase, subunit A	S	D	WT
PG304_S20.scfd_02011 DNA gyrase, subunit A	S	D	WT
PG306_S18.scfd_01846 DNA gyrase, subunit A	L	N	S83L/D87N
PG307_S116.scfd_01382 DNA gyrase, subunit A	S	D	WT
PG309_S119.scfd_00157 DNA gyrase, subunit A	L	N	S83L/D87N
PG310_S136.scfd_00592 DNA gyrase, subunit A	S	D	WT
PG311_S125.scfd_01335 DNA gyrase, subunit A	S	D	WT
PG312_S140.scfd_01637 DNA gyrase, subunit A	S	D	WT
PG314_S141.scfd_00707 DNA gyrase, subunit A	S	D	WT
PG315_S151.scfd_00126 DNA gyrase, subunit A	S	D	WT
PG316_S144.scfd_00164 DNA gyrase, subunit A	L	D	S83L/D87
PG317_S150.scfd_00567 DNA gyrase, subunit A	S	D	WT
PG319_S121.scfd_00318 DNA gyrase, subunit A	S	D	WT
PG31_S122.scfd_03109 DNA gyrase, subunit A	S	D	WT
PG31_S132.scfd_03165 DNA gyrase, subunit A	S	D	WT
PG320_S131.scfd_01155 DNA gyrase, subunit A	L	N	S83L/D87N
PG321_S117.scfd_01290 DNA gyrase, subunit A	S	D	WT
PG324_S112.scfd_00170 DNA gyrase, subunit A	L	N	S83L/D87N
PG335_S110.scfd_00599 DNA gyrase, subunit A	S	D	WT
PG336_S113.scfd_01764 DNA gyrase, subunit A	S	D	WT
PG33_S193.scfd_03665 DNA gyrase, subunit A	L	N	S83L/D87N
PG340_S90.scfd_00140 DNA gyrase, subunit A	L	D	S83L/D87
PG344_S89.scfd_04510 DNA gyrase, subunit A	S	D	WT
PG358_S265.scfd_01572 DNA gyrase, subunit A	S	D	WT
PG35_S55.scfd_01744 DNA gyrase, subunit A	S	D	WT
PG360_S116.scfd_00992 DNA gyrase, subunit A	S	D	WT
PG361_S266.scfd_00320 DNA gyrase, subunit A	S	D	WT
PG362_S71.scfd_00506 DNA gyrase, subunit A	S	D	WT
PG363_S267.scfd_00309 DNA gyrase, subunit A	S	D	WT
PG364_S149.scfd_05106 DNA gyrase, subunit A	-	-	other(S83-/D87-)
PG366_S15.scfd_02280 DNA gyrase, subunit A	S	D	WT
PG367_S72.scfd_03295 DNA gyrase, subunit A	S	D	WT
PG370_S270.scfd_00854 DNA gyrase, subunit A	L	N	S83L/D87N
PG373_S269.scfd_01165 DNA gyrase, subunit A	L	N	S83L/D87N
PG381_S147.scfd_00153 DNA gyrase, subunit A	L	N	S83L/D87N
PG385_S10.scfd_00133 DNA gyrase, subunit A	S	D	WT
PG394_S14.scfd_00101 DNA gyrase, subunit A	S	D	WT
PG39_S201.scfd_00669 DNA gyrase, subunit A	S	D	WT
PG3_S32.scfd_02632 DNA gyrase, subunit A	S	D	WT
PG40_S28.scfd_04022 DNA gyrase, subunit A	-	-	other(S83-/D87-)
PG46_S133.scfd_00858 DNA gyrase, subunit A	S	D	WT
PG47_S192.scfd_03513 DNA gyrase, subunit A	S	D	WT
PG48_S134.scfd_01689 DNA gyrase, subunit A	S	D	WT
PG48_S23.scfd_00049 DNA gyrase, subunit A	S	D	WT
PG53_S194.scfd_01002 DNA gyrase, subunit A	S	D	WT
PG56_S37.scfd_04353 DNA gyrase, subunit A	L	D	S83L/D87
PG58_S48.scfd_00155 DNA gyrase, subunit A	L	D	S83L/D87
PG63_S171.scfd_00691 DNA gyrase, subunit A	L	D	S83L/D87
PG64_S38.scfd_00482 DNA gyrase, subunit A	L	D	S83L/D87
PG69_S45.scfd_00711 DNA gyrase, subunit A	S	D	WT
PG70_S34.scfd_00992 DNA gyrase, subunit A	S	D	WT
PG72_S73.scfd_01994 DNA gyrase, subunit A	S	D	WT
PG75_S148.scfd_01842 DNA gyrase, subunit A	L	D	S83L/D87
PG76_S139.scfd_01179 DNA gyrase, subunit A	L	D	S83L/D87
PG78_S202.scfd_01178 DNA gyrase, subunit A	L	D	S83L/D87
PG7_S35.scfd_01284 DNA gyrase, subunit A	S	D	WT
PG83_S134.scfd_01721 DNA gyrase, subunit A	S	D	WT
PG85_S13.scfd_00802 DNA gyrase, subunit A	L	N	S83L/D87N
PG86_S123.scfd_00486 DNA gyrase, subunit A	S	D	WT
PG86_S135.scfd_00890 DNA gyrase, subunit A	S	D	WT
PG88_S65.scfd_01263 DNA gyrase, subunit A	S	D	WT
PG89_S145.scfd_00332 DNA gyrase, subunit A	L	D	S83L/D87
PG90_S138.scfd_00567 DNA gyrase, subunit A	S	D	WT
PG92_S51.scfd_00412 DNA gyrase, subunit A	S	D	WT
PG94_S12.scfd_00225 DNA gyrase, subunit A	S	D	WT
PH10_S160.scfd_00126 DNA gyrase, subunit A	S	D	WT
PH11_S157.scfd_00263 DNA gyrase, subunit A	L	D	S83L/D87
PH12_S4.scfd_04258 DNA gyrase, subunit A	S	D	WT
PH13_S87.scfd_04197 DNA gyrase, subunit A	S	D	WT
PH14_S110.scfd_00291 DNA gyrase, subunit A	S	D	WT
PH15_S144.scfd_00407 DNA gyrase, subunit A	S	D	WT
PH16_S88.scfd_00463 DNA gyrase, subunit A	L	D	S83L/D87
PH1_S159.scfd_00157 DNA gyrase, subunit A	S	D	WT
PH5_S105.scfd_02481 DNA gyrase, subunit A	S	D	WT
PH6_S106.scfd_00992 DNA gyrase, subunit A	S	D	WT
PH7_S161.scfd_00938 DNA gyrase, subunit A	S	D	WT
PH8_S162.scfd_02097 DNA gyrase, subunit A	L	N	S83L/D87N
PP12_S88.scfd_00513 DNA gyrase, subunit A	S	D	WT
PP19_S107.scfd_00677 DNA gyrase, subunit A	L	N	S83L/D87N
