isolate	80	84	phenotype
BV16_S49.scfd_02375 topoisomerase IV subunit A	S	E	WT
BV18_S57.scfd_02107 topoisomerase IV subunit A	S	E	WT
BV19_S192.scfd_03787 topoisomerase IV subunit A	S	E	WT
BV1_S194.scfd_01926 topoisomerase IV subunit A	S	E	WT
BV22_S63.scfd_00490 topoisomerase IV subunit A	S	E	WT
BV25_S137.scfd_01663 topoisomerase IV subunit A	S	E	WT
BV27_S110.scfd_01745 topoisomerase IV subunit A	S	E	WT
BV31_S27.scfd_02737 topoisomerase IV subunit A	S	E	WT
BV36_S28.scfd_00398 topoisomerase IV subunit A	S	E	WT
BV38_S29.scfd_00895 topoisomerase IV subunit A	S	E	WT
BV39_S30.scfd_04227 topoisomerase IV subunit A	S	E	WT
BV43_S31.scfd_00472 topoisomerase IV subunit A	S	E	WT
BV4_S105.scfd_03354 topoisomerase IV subunit A	S	E	WT
BV53_S32.scfd_01215 topoisomerase IV subunit A	S	E	WT
BV6_S190.scfd_03561 topoisomerase IV subunit A	S	E	WT
BV76_S111.scfd_03553 topoisomerase IV subunit A	S	E	WT
BV78_S106.scfd_01194 topoisomerase IV subunit A	S	E	WT
BV85_S113.scfd_02587 topoisomerase IV subunit A	S	E	WT
BV86_S118.scfd_00001 topoisomerase IV subunit A	S	K	other(S80S/E84K)
CH10_S102.scfd_02681 topoisomerase IV subunit A	S	E	WT
CH10_S137.scfd_02589 topoisomerase IV subunit A	S	E	WT
CH14_S138.scfd_01196 topoisomerase IV subunit A	S	E	WT
CH14_S270.scfd_00797 topoisomerase IV subunit A	S	E	WT
CH14_S32.scfd_02179 topoisomerase IV subunit A	S	E	WT
CH15_S17.scfd_01232 topoisomerase IV subunit A	S	E	WT
CH16_S14.scfd_01083 topoisomerase IV subunit A	S	E	WT
CH17_S139.scfd_01736 topoisomerase IV subunit A	S	E	WT
CH17_S33.scfd_01477 topoisomerase IV subunit A	S	E	WT
CH19_S16.scfd_02083 topoisomerase IV subunit A	S	E	WT
CH20_S15.scfd_00082 topoisomerase IV subunit A	S	E	WT
CH21_S40.scfd_01074 topoisomerase IV subunit A	S	E	WT
CH22_S41.scfd_01355 topoisomerase IV subunit A	S	E	WT
CH23_S42.scfd_00388 topoisomerase IV subunit A	S	E	WT
CH25_S27.scfd_00754 topoisomerase IV subunit A	I	E	S80I/E84
CH26_S43.scfd_00176 topoisomerase IV subunit A	S	E	WT
CH2_S71.scfd_03234 topoisomerase IV subunit A	S	E	WT
CH30_S39.scfd_01049 topoisomerase IV subunit A	S	E	WT
CH31_S47.scfd_03483 topoisomerase IV subunit A	S	E	WT
CH32_S172.scfd_01293 topoisomerase IV subunit A	S	E	WT
CH33_S174.scfd_01224 topoisomerase IV subunit A	S	E	WT
CH35_S140.scfd_02934 topoisomerase IV subunit A	S	E	WT
CH37_S54.scfd_02697 topoisomerase IV subunit A	S	E	WT
CH38_S141.scfd_00252 topoisomerase IV subunit A	S	E	WT
CH38_S34.scfd_01229 topoisomerase IV subunit A	S	E	WT
CH39_S10.scfd_00929 topoisomerase IV subunit A	S	E	WT
CH39_S2.scfd_03399 topoisomerase IV subunit A	S	E	WT
CH43_S12.scfd_01862 topoisomerase IV subunit A	S	E	WT
CH45_S13.scfd_02606 topoisomerase IV subunit A	S	E	WT
CH46_S14.scfd_00968 topoisomerase IV subunit A	S	E	WT
CH48_S15.scfd_01334 topoisomerase IV subunit A	S	E	WT
CH49_S16.scfd_00935 topoisomerase IV subunit A	S	E	WT
CH54_S17.scfd_03642 topoisomerase IV subunit A	S	E	WT
CH55_S18.scfd_03175 topoisomerase IV subunit A	S	E	WT
CH56_S19.scfd_01226 topoisomerase IV subunit A	S	E	WT
CH57_S20.scfd_02369 topoisomerase IV subunit A	S	E	WT
CH59_S21.scfd_00907 topoisomerase IV subunit A	S	E	WT
CH60_S22.scfd_03664 topoisomerase IV subunit A	S	E	WT
CH62_S23.scfd_00952 topoisomerase IV subunit A	I	E	S80I/E84
CH66_S103.scfd_02908 topoisomerase IV subunit A	S	E	WT
CH66_S152.scfd_03989 topoisomerase IV subunit A	I	V	other(S80I/E84V)
CH67_S104.scfd_02974 topoisomerase IV subunit A	S	E	WT
CH71_S2.scfd_04008 topoisomerase IV subunit A	S	E	WT
CH72_S67.scfd_02357 topoisomerase IV subunit A	S	E	WT
CH74_S18.scfd_03232 topoisomerase IV subunit A	S	E	WT
CH78_S137.scfd_02321 topoisomerase IV subunit A	S	E	WT
CH7_S188.scfd_00968 topoisomerase IV subunit A	I	E	S80I/E84
CH81_S143.scfd_00957 topoisomerase IV subunit A	S	E	WT
CH86_S93.scfd_03135 topoisomerase IV subunit A	I	E	S80I/E84
CH89_S145.scfd_02189 topoisomerase IV subunit A	S	E	WT
CH8_S267.scfd_02578 topoisomerase IV subunit A	S	E	WT
CH90_S276.scfd_02332 topoisomerase IV subunit A	S	E	WT
CH97_S19.scfd_00437 topoisomerase IV subunit A	S	E	WT
CN12_S149.scfd_03806 topoisomerase IV subunit A	S	E	WT
CN13_S203.scfd_00290 topoisomerase IV subunit A	S	E	WT
CN14_S198.scfd_04602 topoisomerase IV subunit A	-	-	other(S80-/E84-)
CN15_S62.scfd_01807 topoisomerase IV subunit A	S	E	WT
CN16_S135.scfd_02438 topoisomerase IV subunit A	S	E	WT
CN17_S147.scfd_02854 topoisomerase IV subunit A	I	E	S80I/E84
CN18_S4.scfd_02112 topoisomerase IV subunit A	S	E	WT
CN1_S196.scfd_03590 topoisomerase IV subunit A	S	E	WT
CN23_S7.scfd_00075 topoisomerase IV subunit A	S	E	WT
CN24_S20.scfd_01528 topoisomerase IV subunit A	S	E	WT
CN25_S10.scfd_01531 topoisomerase IV subunit A	S	E	WT
CN26_S11.scfd_04171 topoisomerase IV subunit A	S	E	WT
CN28_S5.scfd_01619 topoisomerase IV subunit A	S	E	WT
CN29_S146.scfd_04015 topoisomerase IV subunit A	I	E	S80I/E84
CN31_S151.scfd_03926 topoisomerase IV subunit A	S	E	WT
CN31_S84.scfd_00260 topoisomerase IV subunit A	S	E	WT
CN33_S52.scfd_03057 topoisomerase IV subunit A	S	E	WT
CN35_S53.scfd_03445 topoisomerase IV subunit A	S	E	WT
CN36_S121.scfd_02352 topoisomerase IV subunit A	S	E	WT
CN36_S152.scfd_01294 topoisomerase IV subunit A	S	E	WT
CN39_S122.scfd_02625 topoisomerase IV subunit A	S	E	WT
CN39_S153.scfd_01348 topoisomerase IV subunit A	S	E	WT
CN40_S11.scfd_00410 topoisomerase IV subunit A	S	E	WT
CN40_S154.scfd_00733 topoisomerase IV subunit A	S	E	WT
CN44_S123.scfd_02878 topoisomerase IV subunit A	S	E	WT
CN48_S85.scfd_00523 topoisomerase IV subunit A	S	E	WT
CN49_S86.scfd_00960 topoisomerase IV subunit A	S	E	WT
CN51_S87.scfd_00979 topoisomerase IV subunit A	S	E	WT
CN56_S69.scfd_03020 topoisomerase IV subunit A	S	E	WT
CN57_S7.scfd_01579 topoisomerase IV subunit A	S	E	WT
CN58_S110.scfd_03280 topoisomerase IV subunit A	S	E	WT
CN59_S118.scfd_02921 topoisomerase IV subunit A	S	E	WT
CN60_S114.scfd_01615 topoisomerase IV subunit A	S	E	WT
CN61_S142.scfd_02618 topoisomerase IV subunit A	S	E	WT
CN62_S148.scfd_01241 topoisomerase IV subunit A	S	E	WT
CN63_S11.scfd_01848 topoisomerase IV subunit A	S	E	WT
CN65_S114.scfd_00706 topoisomerase IV subunit A	S	E	WT
CN68_S153.scfd_03726 topoisomerase IV subunit A	S	E	WT
CN69_S115.scfd_03279 topoisomerase IV subunit A	S	E	WT
CN70_S138.scfd_02792 topoisomerase IV subunit A	S	E	WT
CN71_S260.scfd_03316 topoisomerase IV subunit A	S	E	WT
CN75_S10.scfd_01230 topoisomerase IV subunit A	S	E	WT
CN79_S90.scfd_00964 topoisomerase IV subunit A	S	E	WT
CN81_S91.scfd_03216 topoisomerase IV subunit A	S	E	WT
CN82_S104.scfd_02697 topoisomerase IV subunit A	S	E	WT
CN83_S264.scfd_03027 topoisomerase IV subunit A	S	E	WT
CN84_S11.scfd_03800 topoisomerase IV subunit A	S	E	WT
CN85_S93.scfd_02506 topoisomerase IV subunit A	S	E	WT
CN86_S117.scfd_02419 topoisomerase IV subunit A	S	E	WT
CN87_S153.scfd_01199 topoisomerase IV subunit A	S	E	WT
CN89_S106.scfd_00691 topoisomerase IV subunit A	S	E	WT
CN90_S115.scfd_03692 topoisomerase IV subunit A	I	E	S80I/E84
CN92_S14.scfd_00377 topoisomerase IV subunit A	S	E	WT
CN96_S16.scfd_00176 topoisomerase IV subunit A	S	E	WT
CT12_S38.scfd_03748 topoisomerase IV subunit A	S	E	WT
CT13_S56.scfd_03195 topoisomerase IV subunit A	S	E	WT
CT15_S46.scfd_03734 topoisomerase IV subunit A	S	E	WT
CT20_S45.scfd_01690 topoisomerase IV subunit A	I	E	S80I/E84
CT21_S64.scfd_02153 topoisomerase IV subunit A	S	E	WT
CT27_S119.scfd_03303 topoisomerase IV subunit A	S	E	WT
CT27_S155.scfd_00260 topoisomerase IV subunit A	S	E	WT
CT32_S156.scfd_02942 topoisomerase IV subunit A	S	E	WT
CT34_S120.scfd_01283 topoisomerase IV subunit A	S	E	WT
CT38_S121.scfd_01360 topoisomerase IV subunit A	S	E	WT
CT3_S18.scfd_00176 topoisomerase IV subunit A	S	E	WT
CT49_S17.scfd_02856 topoisomerase IV subunit A	S	E	WT
CT55_S273.scfd_03012 topoisomerase IV subunit A	I	E	S80I/E84
CT63_S278.scfd_03587 topoisomerase IV subunit A	S	E	WT
CT6_S51.scfd_03277 topoisomerase IV subunit A	S	E	WT
CV8_S101.scfd_01621 topoisomerase IV subunit A	S	E	WT
CV9_S112.scfd_01121 topoisomerase IV subunit A	S	E	WT
DI10_S118.scfd_04448 topoisomerase IV subunit A	-	-	other(S80-/E84-)
DI13_S156.scfd_01328 topoisomerase IV subunit A	S	E	WT
DI1_S186.scfd_00867 topoisomerase IV subunit A	S	E	WT
DI2_S147.scfd_02997 topoisomerase IV subunit A	S	E	WT
DI5_S114.scfd_00282 topoisomerase IV subunit A	S	E	WT
DI7_S115.scfd_02945 topoisomerase IV subunit A	S	E	WT
DI8_S116.scfd_02948 topoisomerase IV subunit A	S	E	WT
DI9_S117.scfd_03034 topoisomerase IV subunit A	S	E	WT
E10_S61.scfd_01697 topoisomerase IV subunit A	S	E	WT
E20_S62.scfd_01141 topoisomerase IV subunit A	S	E	WT
E22_S60.scfd_01388 topoisomerase IV subunit A	S	E	WT
E25_S272.scfd_00342 topoisomerase IV subunit A	S	E	WT
E30_S49.scfd_01181 topoisomerase IV subunit A	I	E	S80I/E84
E33_S61.scfd_03080 topoisomerase IV subunit A	S	E	WT
E35_S197.scfd_03137 topoisomerase IV subunit A	S	E	WT
E37_S116.scfd_01378 topoisomerase IV subunit A	S	E	WT
E37_S157.scfd_01886 topoisomerase IV subunit A	S	E	WT
E49_S117.scfd_02926 topoisomerase IV subunit A	S	E	WT
E52_S118.scfd_00689 topoisomerase IV subunit A	S	E	WT
E53_S119.scfd_00549 topoisomerase IV subunit A	S	E	WT
E63_S120.scfd_00107 topoisomerase IV subunit A	S	E	WT
E71_S158.scfd_03790 topoisomerase IV subunit A	S	E	WT
E73_S19.scfd_01219 topoisomerase IV subunit A	S	E	WT
E79_S7.scfd_00435 topoisomerase IV subunit A	S	E	WT
E84_S9.scfd_01702 topoisomerase IV subunit A	I	E	S80I/E84
E87_S103.scfd_03222 topoisomerase IV subunit A	I	E	S80I/E84
E97_S77.scfd_02236 topoisomerase IV subunit A	S	E	WT
H100_S195.scfd_02862 topoisomerase IV subunit A	I	E	S80I/E84
H104_S1.scfd_01399 topoisomerase IV subunit A	S	E	WT
H105_S5.scfd_02971 topoisomerase IV subunit A	S	E	WT
H108_S199.scfd_00720 topoisomerase IV subunit A	I	E	S80I/E84
H111_S144.scfd_01493 topoisomerase IV subunit A	I	E	S80I/E84
H111_S5.scfd_01850 topoisomerase IV subunit A	I	E	S80I/E84
H117_S140.scfd_00204 topoisomerase IV subunit A	I	E	S80I/E84
H118_S58.scfd_00571 topoisomerase IV subunit A	I	E	S80I/E84
H11_S59.scfd_03726 topoisomerase IV subunit A	S	E	WT
H122_S136.scfd_01780 topoisomerase IV subunit A	S	E	WT
H125_S106.scfd_00822 topoisomerase IV subunit A	S	E	WT
H129_S53.scfd_01225 topoisomerase IV subunit A	S	E	WT
H12_S69.scfd_01365 topoisomerase IV subunit A	S	E	WT
H136_S109.scfd_01707 topoisomerase IV subunit A	S	E	WT
H137_S50.scfd_01978 topoisomerase IV subunit A	S	E	WT
H139_S272.scfd_02395 topoisomerase IV subunit A	S	E	WT
H139_S273.scfd_03954 topoisomerase IV subunit A	S	E	WT
H13_S56.scfd_03488 topoisomerase IV subunit A	S	E	WT
H144_S111.scfd_02772 topoisomerase IV subunit A	S	E	WT
H151_S58.scfd_00440 topoisomerase IV subunit A	S	E	WT
H153_S145.scfd_04366 topoisomerase IV subunit A	S	E	WT
H155_S1.scfd_00102 topoisomerase IV subunit A	S	E	WT
H155_S146.scfd_01457 topoisomerase IV subunit A	I	E	S80I/E84
H160_S147.scfd_00670 topoisomerase IV subunit A	I	E	S80I/E84
H160_S2.scfd_02479 topoisomerase IV subunit A	S	E	WT
H164_S148.scfd_03764 topoisomerase IV subunit A	S	E	WT
H164_S3.scfd_02217 topoisomerase IV subunit A	S	E	WT
H172_S149.scfd_00594 topoisomerase IV subunit A	S	E	WT
H172_S5.scfd_00632 topoisomerase IV subunit A	S	E	WT
H177_S6.scfd_02175 topoisomerase IV subunit A	S	E	WT
H183_S7.scfd_02789 topoisomerase IV subunit A	S	E	WT
H187_S4.scfd_00616 topoisomerase IV subunit A	S	E	WT
H190_S9.scfd_01356 topoisomerase IV subunit A	I	E	S80I/E84
H191_S10.scfd_02398 topoisomerase IV subunit A	S	E	WT
H194_S103.scfd_00488 topoisomerase IV subunit A	S	E	WT
H195_S104.scfd_01412 topoisomerase IV subunit A	S	E	WT
H196_S105.scfd_01334 topoisomerase IV subunit A	I	E	S80I/E84
H198_S8.scfd_00942 topoisomerase IV subunit A	I	E	S80I/E84
H1_S112.scfd_03175 topoisomerase IV subunit A	S	E	WT
H200_S106.scfd_01102 topoisomerase IV subunit A	S	E	WT
H204_S107.scfd_00814 topoisomerase IV subunit A	S	E	WT
H205_S108.scfd_00683 topoisomerase IV subunit A	S	E	WT
H207_S109.scfd_01014 topoisomerase IV subunit A	I	E	S80I/E84
H217_S110.scfd_00947 topoisomerase IV subunit A	S	E	WT
H225_S114.scfd_01772 topoisomerase IV subunit A	S	E	WT
H228_S115.scfd_02678 topoisomerase IV subunit A	S	E	WT
H231_S276.scfd_02523 topoisomerase IV subunit A	S	E	WT
H236_S6.scfd_03288 topoisomerase IV subunit A	I	E	S80I/E84
H239_S7.scfd_00590 topoisomerase IV subunit A	S	E	WT
H241_S8.scfd_01130 topoisomerase IV subunit A	S	E	WT
H242_S271.scfd_03175 topoisomerase IV subunit A	S	E	WT
H245_S9.scfd_01133 topoisomerase IV subunit A	S	E	WT
H248_S10.scfd_00207 topoisomerase IV subunit A	S	E	WT
H249_S83.scfd_03520 topoisomerase IV subunit A	S	E	WT
H265_S151.scfd_00207 topoisomerase IV subunit A	S	E	WT
H267_S5.scfd_03741 topoisomerase IV subunit A	S	E	WT
H268_S152.scfd_04000 topoisomerase IV subunit A	S	E	WT
H26_S57.scfd_00719 topoisomerase IV subunit A	S	E	WT
H277_S113.scfd_02294 topoisomerase IV subunit A	I	E	S80I/E84
H282_S150.scfd_03998 topoisomerase IV subunit A	S	E	WT
H283_S147.scfd_03374 topoisomerase IV subunit A	S	E	WT
H286_S149.scfd_04004 topoisomerase IV subunit A	S	E	WT
H287_S159.scfd_00479 topoisomerase IV subunit A	S	E	WT
H288_S158.scfd_02152 topoisomerase IV subunit A	I	E	S80I/E84
H289_S92.scfd_03578 topoisomerase IV subunit A	S	E	WT
H290_S90.scfd_00574 topoisomerase IV subunit A	I	E	S80I/E84
H294_S155.scfd_01695 topoisomerase IV subunit A	S	E	WT
H295_S108.scfd_03837 topoisomerase IV subunit A	I	V	other(S80I/E84V)
H298_S109.scfd_02316 topoisomerase IV subunit A	S	E	WT
H29_S189.scfd_03813 topoisomerase IV subunit A	S	E	WT
H307_S275.scfd_02063 topoisomerase IV subunit A	S	E	WT
H308_S143.scfd_02318 topoisomerase IV subunit A	S	E	WT
H311_S265.scfd_00861 topoisomerase IV subunit A	S	E	WT
H315_S94.scfd_00871 topoisomerase IV subunit A	S	E	WT
H31_S108.scfd_02500 topoisomerase IV subunit A	S	E	WT
H322_S277.scfd_00266 topoisomerase IV subunit A	S	E	WT
H327_S105.scfd_01614 topoisomerase IV subunit A	S	E	WT
H32_S204.scfd_02927 topoisomerase IV subunit A	I	E	S80I/E84
H332_S274.scfd_03017 topoisomerase IV subunit A	S	E	WT
H339_S261.scfd_02151 topoisomerase IV subunit A	S	E	WT
H340_S111.scfd_03051 topoisomerase IV subunit A	S	E	WT
H341_S75.scfd_03554 topoisomerase IV subunit A	S	E	WT
H342_S8.scfd_01256 topoisomerase IV subunit A	S	E	WT
H343_S74.scfd_03769 topoisomerase IV subunit A	S	E	WT
H348_S148.scfd_00473 topoisomerase IV subunit A	S	E	WT
H359_S13.scfd_02149 topoisomerase IV subunit A	S	E	WT
H35_S65.scfd_01162 topoisomerase IV subunit A	S	E	WT
H360_S105.scfd_02583 topoisomerase IV subunit A	S	E	WT
H39_S46.scfd_01567 topoisomerase IV subunit A	S	E	WT
H3_S195.scfd_00271 topoisomerase IV subunit A	I	E	S80I/E84
H42_S271.scfd_01755 topoisomerase IV subunit A	I	E	S80I/E84
H49_S266.scfd_00959 topoisomerase IV subunit A	S	E	WT
H5_S187.scfd_03157 topoisomerase IV subunit A	S	E	WT
H66_S191.scfd_03840 topoisomerase IV subunit A	S	E	WT
H71_S63.scfd_00735 topoisomerase IV subunit A	S	E	WT
H73_S193.scfd_02724 topoisomerase IV subunit A	I	V	other(S80I/E84V)
H74_S144.scfd_02956 topoisomerase IV subunit A	S	E	WT
H76_S107.scfd_03329 topoisomerase IV subunit A	S	E	WT
H78_S67.scfd_02606 topoisomerase IV subunit A	S	E	WT
H79_S66.scfd_00119 topoisomerase IV subunit A	S	E	WT
H7_S268.scfd_00564 topoisomerase IV subunit A	S	E	WT
H82_S55.scfd_01182 topoisomerase IV subunit A	S	E	WT
H84_S64.scfd_03265 topoisomerase IV subunit A	S	E	WT
H85_S9.scfd_01334 topoisomerase IV subunit A	S	E	WT
H87_S8.scfd_01459 topoisomerase IV subunit A	S	E	WT
H88_S142.scfd_03447 topoisomerase IV subunit A	S	E	WT
H93_S1.scfd_00027 topoisomerase IV subunit A	S	E	WT
H94_S150.scfd_00359 topoisomerase IV subunit A	S	E	WT
H97_S47.scfd_00898 topoisomerase IV subunit A	I	V	other(S80I/E84V)
H99_S143.scfd_01464 topoisomerase IV subunit A	S	E	WT
H99_S4.scfd_03704 topoisomerase IV subunit A	S	E	WT
OI13_S107.scfd_00183 topoisomerase IV subunit A	S	E	WT
OI14_S108.scfd_00249 topoisomerase IV subunit A	S	E	WT
OI15_S109.scfd_03903 topoisomerase IV subunit A	S	E	WT
OI17_S110.scfd_03022 topoisomerase IV subunit A	S	E	WT
OI18_S111.scfd_00765 topoisomerase IV subunit A	S	E	WT
OI19_S112.scfd_00077 topoisomerase IV subunit A	S	E	WT
OI21_S113.scfd_01002 topoisomerase IV subunit A	S	E	WT
OI23_S263.scfd_03341 topoisomerase IV subunit A	S	E	WT
OI24_S130.scfd_02768 topoisomerase IV subunit A	S	E	WT
OI25_S124.scfd_01091 topoisomerase IV subunit A	I	E	S80I/E84
OI26_S262.scfd_00176 topoisomerase IV subunit A	S	E	WT
OI27_S4.scfd_03916 topoisomerase IV subunit A	S	E	WT
OI28_S68.scfd_01127 topoisomerase IV subunit A	S	E	WT
OI29_S3.scfd_03372 topoisomerase IV subunit A	S	E	WT
OI30_S264.scfd_02428 topoisomerase IV subunit A	S	E	WT
OI31_S15.scfd_01629 topoisomerase IV subunit A	S	E	WT
OI32_S13.scfd_02604 topoisomerase IV subunit A	S	E	WT
OI34_S12.scfd_01714 topoisomerase IV subunit A	S	E	WT
OI35_S123.scfd_00314 topoisomerase IV subunit A	I	E	S80I/E84
OI37_S128.scfd_02494 topoisomerase IV subunit A	S	E	WT
OI38_S16.scfd_02205 topoisomerase IV subunit A	S	E	WT
OI40_S146.scfd_03005 topoisomerase IV subunit A	S	E	WT
OI41_S8.scfd_02472 topoisomerase IV subunit A	S	E	WT
OI47_S96.scfd_02917 topoisomerase IV subunit A	I	E	S80I/E84
OI49_S109.scfd_01218 topoisomerase IV subunit A	S	E	WT
OI50_S79.scfd_02938 topoisomerase IV subunit A	S	E	WT
OI51_S78.scfd_03328 topoisomerase IV subunit A	S	E	WT
OI53_S76.scfd_02858 topoisomerase IV subunit A	I	E	S80I/E84
OI7_S24.scfd_01644 topoisomerase IV subunit A	S	E	WT
OI8_S25.scfd_00459 topoisomerase IV subunit A	I	E	S80I/E84
OI9_S26.scfd_01511 topoisomerase IV subunit A	S	E	WT
PC100_S268.scfd_03300 topoisomerase IV subunit A	I	E	S80I/E84
PC19_S143.scfd_02469 topoisomerase IV subunit A	S	E	WT
PC20_S21.scfd_02653 topoisomerase IV subunit A	S	E	WT
PC21_S2.scfd_01113 topoisomerase IV subunit A	S	E	WT
PC22_S3.scfd_02669 topoisomerase IV subunit A	S	E	WT
PC23_S6.scfd_02095 topoisomerase IV subunit A	S	E	WT
PC25_S142.scfd_02608 topoisomerase IV subunit A	S	E	WT
PC27_S265.scfd_02971 topoisomerase IV subunit A	S	E	WT
PC28_S196.scfd_01266 topoisomerase IV subunit A	-	-	other(S80-/E84-)
PC29_S52.scfd_03207 topoisomerase IV subunit A	S	E	WT
PC2_S25.scfd_00176 topoisomerase IV subunit A	S	E	WT
PC30_S33.scfd_01811 topoisomerase IV subunit A	S	E	WT
PC31_S170.scfd_00620 topoisomerase IV subunit A	S	E	WT
PC32_S173.scfd_02948 topoisomerase IV subunit A	S	E	WT
PC33_S141.scfd_03403 topoisomerase IV subunit A	S	E	WT
PC34_S133.scfd_00160 topoisomerase IV subunit A	S	E	WT
PC35_S39.scfd_02837 topoisomerase IV subunit A	S	E	WT
PC36_S41.scfd_00251 topoisomerase IV subunit A	S	E	WT
PC37_S68.scfd_00176 topoisomerase IV subunit A	S	E	WT
PC38_S33.scfd_03017 topoisomerase IV subunit A	S	E	WT
PC39_S36.scfd_02842 topoisomerase IV subunit A	S	E	WT
PC40_S44.scfd_04370 topoisomerase IV subunit A	S	E	WT
PC41_S43.scfd_00536 topoisomerase IV subunit A	S	E	WT
PC42_S72.scfd_00030 topoisomerase IV subunit A	S	E	WT
PC45_S25.scfd_02035 topoisomerase IV subunit A	S	E	WT
PC46_S26.scfd_02413 topoisomerase IV subunit A	S	E	WT
PC47_S24.scfd_01221 topoisomerase IV subunit A	S	E	WT
PC4_S22.scfd_03788 topoisomerase IV subunit A	S	E	WT
PC51_S27.scfd_01738 topoisomerase IV subunit A	S	E	WT
PC52_S28.scfd_01684 topoisomerase IV subunit A	S	E	WT
PC53_S29.scfd_00747 topoisomerase IV subunit A	S	E	WT
PC54_S30.scfd_03088 topoisomerase IV subunit A	S	E	WT
PC55_S31.scfd_00747 topoisomerase IV subunit A	S	E	WT
PC56_S89.scfd_00687 topoisomerase IV subunit A	S	E	WT
PC57_S90.scfd_03489 topoisomerase IV subunit A	S	E	WT
PC58_S91.scfd_01089 topoisomerase IV subunit A	S	E	WT
PC59_S92.scfd_00133 topoisomerase IV subunit A	S	E	WT
PC5_S36.scfd_00264 topoisomerase IV subunit A	S	E	WT
PC5_S54.scfd_01122 topoisomerase IV subunit A	S	E	WT
PC60_S93.scfd_03152 topoisomerase IV subunit A	S	E	WT
PC61_S94.scfd_02933 topoisomerase IV subunit A	S	E	WT
PC62_S95.scfd_03005 topoisomerase IV subunit A	S	E	WT
PC63_S96.scfd_00754 topoisomerase IV subunit A	S	E	WT
PC65_S97.scfd_00676 topoisomerase IV subunit A	S	E	WT
PC66_S98.scfd_00674 topoisomerase IV subunit A	S	E	WT
PC67_S99.scfd_02905 topoisomerase IV subunit A	S	E	WT
PC68_S100.scfd_03034 topoisomerase IV subunit A	S	E	WT
PC70_S1.scfd_03681 topoisomerase IV subunit A	S	E	WT
PC75_S134.scfd_04140 topoisomerase IV subunit A	I	E	S80I/E84
PC76_S108.scfd_01467 topoisomerase IV subunit A	S	E	WT
PC78_S122.scfd_03295 topoisomerase IV subunit A	S	E	WT
PC80_S126.scfd_03081 topoisomerase IV subunit A	S	E	WT
PC81_S145.scfd_02777 topoisomerase IV subunit A	S	E	WT
PC82_S91.scfd_03390 topoisomerase IV subunit A	S	E	WT
PC83_S139.scfd_00928 topoisomerase IV subunit A	S	E	WT
PC84_S127.scfd_00569 topoisomerase IV subunit A	S	E	WT
PC85_S132.scfd_02034 topoisomerase IV subunit A	S	E	WT
PC86_S133.scfd_03526 topoisomerase IV subunit A	S	E	WT
PC87_S135.scfd_04278 topoisomerase IV subunit A	S	E	WT
PC89_S92.scfd_03742 topoisomerase IV subunit A	S	E	WT
PC91_S107.scfd_02256 topoisomerase IV subunit A	S	E	WT
PC92_S73.scfd_02390 topoisomerase IV subunit A	I	E	S80I/E84
PC94_S12.scfd_01429 topoisomerase IV subunit A	I	E	S80I/E84
PC95_S80.scfd_02832 topoisomerase IV subunit A	S	E	WT
PC98_S157.scfd_02061 topoisomerase IV subunit A	I	E	S80I/E84
PC99_S154.scfd_01552 topoisomerase IV subunit A	I	E	S80I/E84
PG100_S42.scfd_00606 topoisomerase IV subunit A	S	E	WT
PG101_S40.scfd_00720 topoisomerase IV subunit A	I	E	S80I/E84
PG102_S35.scfd_03051 topoisomerase IV subunit A	I	E	S80I/E84
PG103_S34.scfd_03392 topoisomerase IV subunit A	I	E	S80I/E84
PG104_S70.scfd_01482 topoisomerase IV subunit A	S	E	WT
PG108_S269.scfd_04389 topoisomerase IV subunit A	S	E	WT
PG10_S44.scfd_02922 topoisomerase IV subunit A	S	E	WT
PG115_S200.scfd_00047 topoisomerase IV subunit A	S	E	WT
PG121_S50.scfd_03570 topoisomerase IV subunit A	S	E	WT
PG124_S37.scfd_00270 topoisomerase IV subunit A	S	E	WT
PG128_S24.scfd_00175 topoisomerase IV subunit A	S	E	WT
PG136_S26.scfd_02664 topoisomerase IV subunit A	S	E	WT
PG137_S205.scfd_02245 topoisomerase IV subunit A	S	E	WT
PG145_S111.scfd_01613 topoisomerase IV subunit A	S	E	WT
PG147_S112.scfd_02490 topoisomerase IV subunit A	S	E	WT
PG166_S1.scfd_03540 topoisomerase IV subunit A	S	E	WT
PG166_S136.scfd_02215 topoisomerase IV subunit A	S	E	WT
PG178_S2.scfd_01871 topoisomerase IV subunit A	S	E	WT
PG179_S3.scfd_01527 topoisomerase IV subunit A	S	E	WT
PG181_S4.scfd_03998 topoisomerase IV subunit A	S	E	WT
PG189_S5.scfd_00128 topoisomerase IV subunit A	S	E	WT
PG195_S6.scfd_00266 topoisomerase IV subunit A	S	E	WT
PG199_S7.scfd_05230 topoisomerase IV subunit A	-	-	other(S80-/E84-)
PG1_S3.scfd_01176 topoisomerase IV subunit A	S	E	WT
PG200_S8.scfd_03782 topoisomerase IV subunit A	-	-	other(S80-/E84-)
PG202_S9.scfd_02733 topoisomerase IV subunit A	S	E	WT
PG203_S10.scfd_02328 topoisomerase IV subunit A	S	E	WT
PG205_S11.scfd_00129 topoisomerase IV subunit A	S	E	WT
PG206_S12.scfd_02657 topoisomerase IV subunit A	S	E	WT
PG210_S14.scfd_02624 topoisomerase IV subunit A	S	E	WT
PG211_S15.scfd_01177 topoisomerase IV subunit A	S	K	other(S80S/E84K)
PG212_S16.scfd_02333 topoisomerase IV subunit A	S	E	WT
PG213_S17.scfd_02696 topoisomerase IV subunit A	S	E	WT
PG214_S18.scfd_03358 topoisomerase IV subunit A	S	E	WT
PG216_S19.scfd_03673 topoisomerase IV subunit A	S	E	WT
PG217_S20.scfd_02415 topoisomerase IV subunit A	S	E	WT
PG218_S21.scfd_01627 topoisomerase IV subunit A	S	E	WT
PG227_S22.scfd_00257 topoisomerase IV subunit A	S	E	WT
PG227_S3.scfd_03667 topoisomerase IV subunit A	S	E	WT
PG231_S23.scfd_01235 topoisomerase IV subunit A	I	E	S80I/E84
PG248_S124.scfd_02778 topoisomerase IV subunit A	S	E	WT
PG250_S3.scfd_02845 topoisomerase IV subunit A	S	E	WT
PG251_S4.scfd_01132 topoisomerase IV subunit A	S	E	WT
PG253_S5.scfd_02149 topoisomerase IV subunit A	S	E	WT
PG254_S6.scfd_00770 topoisomerase IV subunit A	S	E	WT
PG258_S124.scfd_02779 topoisomerase IV subunit A	S	E	WT
PG259_S125.scfd_03038 topoisomerase IV subunit A	S	E	WT
PG265_S127.scfd_02843 topoisomerase IV subunit A	S	E	WT
PG266_S128.scfd_00726 topoisomerase IV subunit A	S	E	WT
PG267_S129.scfd_01060 topoisomerase IV subunit A	S	E	WT
PG268_S130.scfd_02782 topoisomerase IV subunit A	S	E	WT
PG269_S131.scfd_00902 topoisomerase IV subunit A	I	E	S80I/E84
PG270_S132.scfd_01659 topoisomerase IV subunit A	I	E	S80I/E84
PG271_S133.scfd_02977 topoisomerase IV subunit A	S	E	WT
PG273_S20.scfd_00264 topoisomerase IV subunit A	S	E	WT
PG280_S155.scfd_03040 topoisomerase IV subunit A	S	E	WT
PG283_S156.scfd_04044 topoisomerase IV subunit A	S	E	WT
PG285_S154.scfd_03985 topoisomerase IV subunit A	S	E	WT
PG289_S145.scfd_01832 topoisomerase IV subunit A	S	E	WT
PG294_S21.scfd_03057 topoisomerase IV subunit A	S	E	WT
PG295_S4.scfd_04159 topoisomerase IV subunit A	S	E	WT
PG297_S17.scfd_02817 topoisomerase IV subunit A	S	E	WT
PG298_S129.scfd_03858 topoisomerase IV subunit A	S	E	WT
PG299_S9.scfd_00472 topoisomerase IV subunit A	S	E	WT
PG304_S20.scfd_01384 topoisomerase IV subunit A	S	E	WT
PG306_S18.scfd_00994 topoisomerase IV subunit A	I	G	S80I/E84G
PG307_S116.scfd_03362 topoisomerase IV subunit A	S	E	WT
PG309_S119.scfd_01147 topoisomerase IV subunit A	I	G	S80I/E84G
PG310_S136.scfd_02350 topoisomerase IV subunit A	S	E	WT
PG311_S125.scfd_03066 topoisomerase IV subunit A	S	E	WT
PG312_S140.scfd_02238 topoisomerase IV subunit A	S	E	WT
PG314_S141.scfd_01287 topoisomerase IV subunit A	S	E	WT
PG315_S151.scfd_02879 topoisomerase IV subunit A	S	E	WT
PG316_S144.scfd_01313 topoisomerase IV subunit A	S	E	WT
PG317_S150.scfd_02549 topoisomerase IV subunit A	S	E	WT
PG319_S121.scfd_03478 topoisomerase IV subunit A	S	E	WT
PG31_S122.scfd_03560 topoisomerase IV subunit A	S	E	WT
PG31_S132.scfd_03666 topoisomerase IV subunit A	S	E	WT
PG320_S131.scfd_01527 topoisomerase IV subunit A	I	G	S80I/E84G
PG321_S117.scfd_03587 topoisomerase IV subunit A	S	E	WT
PG324_S112.scfd_03403 topoisomerase IV subunit A	I	E	S80I/E84
PG335_S110.scfd_03025 topoisomerase IV subunit A	S	E	WT
PG336_S113.scfd_00397 topoisomerase IV subunit A	S	E	WT
PG33_S193.scfd_02708 topoisomerase IV subunit A	I	E	S80I/E84
PG340_S90.scfd_03060 topoisomerase IV subunit A	S	E	WT
PG344_S89.scfd_00176 topoisomerase IV subunit A	S	E	WT
PG358_S265.scfd_02987 topoisomerase IV subunit A	S	E	WT
PG35_S55.scfd_00803 topoisomerase IV subunit A	S	E	WT
PG360_S116.scfd_00252 topoisomerase IV subunit A	S	E	WT
PG361_S266.scfd_00833 topoisomerase IV subunit A	S	E	WT
PG362_S71.scfd_03561 topoisomerase IV subunit A	S	E	WT
PG363_S267.scfd_02648 topoisomerase IV subunit A	S	E	WT
PG366_S15.scfd_01935 topoisomerase IV subunit A	S	E	WT
PG367_S72.scfd_01140 topoisomerase IV subunit A	S	E	WT
PG370_S270.scfd_00714 topoisomerase IV subunit A	I	E	S80I/E84
PG373_S269.scfd_03551 topoisomerase IV subunit A	I	E	S80I/E84
PG381_S147.scfd_03400 topoisomerase IV subunit A	I	E	S80I/E84
PG385_S10.scfd_01195 topoisomerase IV subunit A	S	E	WT
PG394_S14.scfd_02734 topoisomerase IV subunit A	S	E	WT
PG39_S201.scfd_00268 topoisomerase IV subunit A	S	E	WT
PG3_S32.scfd_00759 topoisomerase IV subunit A	S	E	WT
PG46_S133.scfd_01174 topoisomerase IV subunit A	S	E	WT
PG47_S192.scfd_00805 topoisomerase IV subunit A	S	E	WT
PG48_S134.scfd_00267 topoisomerase IV subunit A	S	E	WT
PG48_S23.scfd_03608 topoisomerase IV subunit A	S	E	WT
PG53_S194.scfd_00083 topoisomerase IV subunit A	S	E	WT
PG56_S37.scfd_03296 topoisomerase IV subunit A	S	E	WT
PG58_S48.scfd_04071 topoisomerase IV subunit A	S	E	WT
PG63_S171.scfd_00958 topoisomerase IV subunit A	S	E	WT
PG64_S38.scfd_04112 topoisomerase IV subunit A	S	E	WT
PG69_S45.scfd_03815 topoisomerase IV subunit A	S	E	WT
PG70_S34.scfd_01660 topoisomerase IV subunit A	S	E	WT
PG72_S73.scfd_03040 topoisomerase IV subunit A	S	E	WT
PG75_S148.scfd_00708 topoisomerase IV subunit A	S	E	WT
PG76_S139.scfd_02907 topoisomerase IV subunit A	S	E	WT
PG78_S202.scfd_02911 topoisomerase IV subunit A	S	E	WT
PG7_S35.scfd_01900 topoisomerase IV subunit A	S	E	WT
PG83_S134.scfd_02291 topoisomerase IV subunit A	S	E	WT
PG85_S13.scfd_01032 topoisomerase IV subunit A	I	V	other(S80I/E84V)
PG86_S123.scfd_02516 topoisomerase IV subunit A	S	E	WT
PG86_S135.scfd_02553 topoisomerase IV subunit A	S	E	WT
PG88_S65.scfd_02311 topoisomerase IV subunit A	S	E	WT
PG89_S145.scfd_00403 topoisomerase IV subunit A	S	E	WT
PG90_S138.scfd_02305 topoisomerase IV subunit A	S	E	WT
PG92_S51.scfd_02377 topoisomerase IV subunit A	S	E	WT
PG94_S12.scfd_03948 topoisomerase IV subunit A	S	E	WT
PH10_S160.scfd_03203 topoisomerase IV subunit A	S	E	WT
PH11_S157.scfd_00538 topoisomerase IV subunit A	S	E	WT
PH12_S4.scfd_00937 topoisomerase IV subunit A	S	E	WT
PH13_S87.scfd_03829 topoisomerase IV subunit A	S	E	WT
PH14_S110.scfd_02962 topoisomerase IV subunit A	S	E	WT
PH15_S144.scfd_03264 topoisomerase IV subunit A	S	E	WT
PH16_S88.scfd_02568 topoisomerase IV subunit A	S	E	WT
PH1_S159.scfd_03639 topoisomerase IV subunit A	S	E	WT
PH5_S105.scfd_00389 topoisomerase IV subunit A	S	E	WT
PH6_S106.scfd_01647 topoisomerase IV subunit A	S	E	WT
PH7_S161.scfd_01085 topoisomerase IV subunit A	S	E	WT
PH8_S162.scfd_01036 topoisomerase IV subunit A	I	E	S80I/E84
PP12_S88.scfd_03451 topoisomerase IV subunit A	S	E	WT
PP19_S107.scfd_03531 topoisomerase IV subunit A	I	E	S80I/E84
