Sample;ST2;Host;Resgenes;groupeinc;rep_type.s.;n
BV16_S49;2450;Cattle;blaCTX-M-15;IncF;IncFIB;1
BV16_S49;2450;Cattle;blaTEM-1B;IncF;IncFIB;1
BV18_S57;226;Cattle;blaCTX-M-15;IncY;IncY;1
BV18_S57;226;Cattle;blaTEM-1B;IncY;IncY;1
BV19_S192;1312;Cattle;NA;NA;NA;NA
BV1_S194;2705;Cattle;NA;NA;NA;NA
BV22_S63;3489;Cattle;NA;NA;NA;NA
BV23-redeposit_S150;Unknown;Cattle;blaCTX-M-55;IncF;IncFIB;1
BV25_S137;212;Cattle;blaCTX-M-1;IncF;IncFII;1
BV25_S137;212;Cattle;blaCTX-M-1;IncF;IncFIIA;1
BV25_S137;212;Cattle;blaCTX-M-1;IncI;IncI1;1
BV27_S110;212;Cattle;blaCTX-M-1;IncI;IncI1;1
BV31_S27;716;Cattle;NA;NA;NA;NA
BV36_S28;3489;Cattle;blaCTX-M-15;IncY;IncY;1
BV36_S28;3489;Cattle;blaTEM-1B;IncY;IncY;1
BV38_S29;484;Cattle;blaTEM-1B;IncF;IncFII;1
BV38_S29;484;Cattle;blaTEM-1B;IncF;IncFIIA;1
BV39_S30;7122;Cattle;NA;NA;NA;NA
BV43_S31;48;Cattle;NA;NA;NA;NA
BV4_S105;716;Cattle;NA;NA;NA;NA
BV5-redeposit_S149;542;Cattle;NA;NA;NA;NA
BV53_S32;2705;Cattle;NA;NA;NA;NA
BV6_S190;Unknown;Cattle;blaTEM-1B;IncF;IncFIA;1
BV6_S190;Unknown;Cattle;blaTEM-1B;IncF;IncFIB;1
BV6_S190;Unknown;Cattle;blaTEM-1B;IncF;IncFII;1
BV6_S190;Unknown;Cattle;blaTEM-1B;IncF;IncFIIA;1
BV6_S190;Unknown;Cattle;blaTEM-1B;IncQ;IncQ1;1
BV76_S111;131;Cattle;blaTEM-1B;other-rep;ColRNAI_rep_cluster_1291;1
BV76_S111;131;Cattle;blaTEM-1B;IncF;IncFIB;1
BV76_S111;131;Cattle;blaTEM-1B;IncF;IncFII;1
BV76_S111;131;Cattle;blaTEM-1B;IncF;IncFIIA;1
BV78_S106;3489;Cattle;blaCTX-M-15;IncF;IncFIB;1
BV85_S113;3489;Cattle;NA;NA;NA;NA
BV86_S118;156;Cattle;NA;NA;NA;NA
CH10_S102;Unknown;Dog;blaCTX-M-55;IncF;IncFIB;1
CH14_S138;48;Dog;NA;NA;NA;NA
CH15_S17;38;Dog;blaCTX-M-15;IncY;IncY;1
CH15_S17;38;Dog;blaTEM-1B;IncY;IncY;1
CH16_S14;206;Dog;NA;NA;NA;NA
CH17_S139;43;Dog;NA;NA;NA;NA
CH19_S16;Unknown;Dog;blaCTX-M-55;IncF;IncFIB;1
CH20_S15;3489;Dog;NA;NA;NA;NA
CH21_S40;Unknown;Dog;blaCTX-M-55;IncF;IncFIB;1
CH22_S41;6143;Dog;blaCTX-M-15;IncI;IncI1;1
CH23_S42;394;Dog;blaCTX-M-15;IncI;IncI1;1
CH25_S27;2172;Dog;blaTEM-1B;IncF;IncFIA;1
CH25_S27;2172;Dog;blaTEM-1B;IncF;IncFIB;1
CH26_S43;2705;Dog;NA;NA;NA;NA
CH2_S71;361;Dog;NA;NA;NA;NA
CH30_S39;48;Dog;blaCTX-M-15;IncI;IncI1;1
CH31_S47;716;Dog;NA;NA;NA;NA
CH32_S172;206;Dog;NA;NA;NA;NA
CH33_S174;206;Dog;blaCTX-M-27;other-rep;ColRNAI_rep_cluster_1987;1
CH35_S140;361;Dog;NA;NA;NA;NA
CH37_S54;1312;Dog;NA;NA;NA;NA
CH38_S34;3489;Dog;NA;NA;NA;NA
CH39_S2;746;Dog;NA;NA;NA;NA
CH43_S12;666;Dog;blaCTX-M-15;IncY;IncY;1
CH43_S12;666;Dog;blaTEM-1B;IncY;IncY;1
CH45_S13;3489;Dog;NA;NA;NA;NA
CH46_S14;3489;Dog;blaCTX-M-15;IncY;IncY;1
CH46_S14;3489;Dog;blaTEM-1B;IncY;IncY;1
CH48_S15;3489;Dog;blaCTX-M-15;IncY;IncY;1
CH48_S15;3489;Dog;blaTEM-1B;IncY;IncY;1
CH49_S16;155;Dog;blaCTX-M-15;IncY;IncY;1
CH49_S16;155;Dog;blaTEM-1B;IncY;IncY;1
CH54_S17;3489;Dog;NA;NA;NA;NA
CH55_S18;716;Dog;NA;NA;NA;NA
CH56_S19;3489;Dog;NA;NA;NA;NA
CH57_S20;2690;Dog;NA;NA;NA;NA
CH59_S21;3489;Dog;blaCTX-M-15;IncY;IncY;1
CH59_S21;3489;Dog;blaTEM-1B;IncY;IncY;1
CH60_S22;10;Dog;blaCTX-M-15;IncY;IncY;1
CH60_S22;10;Dog;blaTEM-1B;IncY;IncY;1
CH62_S23;10;Dog;blaOXA-1;IncF;IncFIA;1
CH62_S23;10;Dog;blaOXA-1;IncF;IncFIB;1
CH62_S23;10;Dog;blaOXA-1;IncF;IncFII;1
CH62_S23;10;Dog;blaOXA-1;IncF;IncFIIA;1
CH66_S103;7176;Dog;blaCTX-M-15;IncY;IncY;1
CH66_S103;7176;Dog;blaTEM-1B;IncY;IncY;1
CH67_S104;7176;Dog;blaCTX-M-15;IncY;IncY;1
CH67_S104;7176;Dog;blaTEM-1B;IncY;IncY;1
CH71_S2;7122;Dog;NA;NA;NA;NA
CH72_S67;3631;Dog;blaCTX-M-15;IncY;IncY;1
CH72_S67;3631;Dog;blaTEM-1B;IncY;IncY;1
CH74_S18;Unknown;Dog;NA;NA;NA;NA
CH78_S137;602;Dog;NA;NA;NA;NA
CH7_S188;4981;Dog;NA;NA;NA;NA
CH81_S143;3489;Dog;NA;NA;NA;NA
CH86_S93;354;Dog;NA;NA;NA;NA
CH89_S145;1140;Dog;blaTEM-1B;IncF;IncFII;1
CH89_S145;1140;Dog;blaTEM-1B;IncF;IncFIIA;1
CH8_S267;666;Dog;blaCTX-M-15;IncY;IncY;1
CH8_S267;666;Dog;blaTEM-1B;IncY;IncY;1
CH90_S276;1312;Dog;NA;NA;NA;NA
CH96_S16;2705;Dog;blaCTX-M-14;IncI;IncI1;1
CH97_S19;3489;Dog;NA;NA;NA;NA
CN12_S149;1722;Duck;NA;NA;NA;NA
CN13_S203;43;Duck;blaCTX-M-15;IncY;IncY;1
CN13_S203;43;Duck;blaTEM-1B;IncY;IncY;1
CN14_S198;Unknown;Duck;blaCTX-M-15;IncF;IncFIB;1
CN14_S198;Unknown;Duck;blaCTX-M-15;IncH;IncH;1
CN14_S198;Unknown;Duck;blaTEM-1B;IncF;IncFIB;1
CN14_S198;Unknown;Duck;blaTEM-1B;IncH;IncH;1
CN15_S62;2450;Duck;blaCTX-M-15;IncF;IncFIB;1
CN15_S62;2450;Duck;blaTEM-1B;IncF;IncFIB;1
CN16_S135;2450;Duck;NA;NA;NA;NA
CN17_S147;2172;Duck;blaTEM-1B;IncF;IncFIA;1
CN17_S147;2172;Duck;blaTEM-1B;IncF;IncFIB;1
CN17_S147;2172;Duck;blaTEM-1B;IncF;IncFIIA;1
CN18_S4;155;Duck;blaCTX-M-15;IncI;IncI1;1
CN1_S196;6782;Duck;blaCTX-M-15;IncY;IncY;1
CN1_S196;6782;Duck;blaTEM-1B;IncY;IncY;1
CN23_S7;636;Duck;blaTEM-1B;IncF;IncFIA;1
CN23_S7;636;Duck;blaTEM-1B;IncF;IncFIB;1
CN23_S7;636;Duck;blaTEM-1B;IncQ;IncQ1;1
CN24_S20;3489;Duck;NA;NA;NA;NA
CN25_S10;10;Duck;NA;NA;NA;NA
CN26_S11;7122;Duck;NA;NA;NA;NA
CN28_S5;162;Duck;blaCTX-M-15;IncY;IncY;1
CN28_S5;162;Duck;blaTEM-1B;IncY;IncY;1
CN29_S146;648;Duck;blaOXA-1;IncF;IncFIA;1
CN29_S146;648;Duck;blaOXA-1;IncF;IncFIB;1
CN29_S146;648;Duck;blaOXA-1;IncF;IncFII;1
CN29_S146;648;Duck;blaOXA-1;IncF;IncFIIA;1
CN31_S151;685;Duck;NA;NA;NA;NA
CN33-redeposit_S6;710;Duck;blaCTX-M-15;IncY;IncY;1
CN33-redeposit_S6;710;Duck;blaTEM-1B;IncY;IncY;1
CN35_S53;162;Duck;blaCTX-M-15;IncF;IncFIB;1
CN35_S53;162;Duck;blaTEM-1B;IncF;IncFIB;1
CN36_S152;10;Duck;blaCTX-M-15;IncF;IncFIB;1
CN36_S152;10;Duck;blaTEM-1B;IncF;IncFIB;1
CN39_S153;3580;Duck;NA;NA;NA;NA
CN40_S154;3489;Duck;NA;NA;NA;NA
CN44_S123;716;Duck;NA;NA;NA;NA
CN48-redeposit_S1;337;Duck;blaCTX-M-1;IncI;IncI1;1
CN49-redeposit_S2;337;Duck;blaCTX-M-1;IncI;IncI1;1
CN51_S87;337;Duck;blaCTX-M-1;IncI;IncI1;1
CN56_S69;Unknown;Duck;NA;NA;NA;NA
CN57_S7;3489;Duck;NA;NA;NA;NA
CN58_S110;484;Duck;NA;NA;NA;NA
CN59_S118;Unknown;Duck;NA;NA;NA;NA
CN60_S114;602;Duck;NA;NA;NA;NA
CN61_S142;542;Duck;NA;NA;NA;NA
CN62_S148;226;Duck;NA;NA;NA;NA
CN63-redeposit_S4;453;Duck;NA;NA;NA;NA
CN65_S114;Unknown;Duck;NA;NA;NA;NA
CN66_S152;131;Duck;blaTEM-1B;IncF;IncFII;1
CN66_S152;131;Duck;blaTEM-1B;IncF;IncFIIA;1
CN68_S153;131;Duck;blaCTX-M-14;other-rep;ColRNAI_rep_cluster_1291;1
CN68_S153;131;Duck;blaCTX-M-14;IncF;IncFIB;1
CN68_S153;131;Duck;blaCTX-M-14;IncF;IncFII;1
CN68_S153;131;Duck;blaCTX-M-14;IncF;IncFIIA;1
CN68_S153;131;Duck;blaTEM-1B;other-rep;ColRNAI_rep_cluster_1291;1
CN68_S153;131;Duck;blaTEM-1B;IncF;IncFIB;1
CN68_S153;131;Duck;blaTEM-1B;IncF;IncFII;1
CN68_S153;131;Duck;blaTEM-1B;IncF;IncFIIA;1
CN69_S115;648;Duck;NA;NA;NA;NA
CN70_S138;746;Duck;NA;NA;NA;NA
CN71_S260;46;Duck;blaCTX-M-15;IncY;IncY;1
CN71_S260;46;Duck;blaTEM-1B;IncY;IncY;1
CN75-redeposit_S1;206;Duck;NA;NA;NA;NA
CN79_S90;2705;Duck;NA;NA;NA;NA
CN81_S91;10;Duck;blaCTX-M-15;IncY;IncY;1
CN81_S91;10;Duck;blaTEM-1B;IncY;IncY;1
CN82-redeposit_S7;58;Duck;blaCTX-M-15;IncI;IncI1;1
CN82-redeposit_S7;58;Duck;blaTEM-104;IncI;IncI1;1
CN82-redeposit_S7;58;Duck;blaTEM-198;IncI;IncI1;1
CN82-redeposit_S7;58;Duck;blaTEM-1B;IncI;IncI1;1
CN82-redeposit_S7;58;Duck;blaTEM-207;IncI;IncI1;1
CN82-redeposit_S7;58;Duck;blaTEM-217;IncI;IncI1;1
CN82-redeposit_S7;58;Duck;blaTEM-230;IncI;IncI1;1
CN82-redeposit_S7;58;Duck;blaTEM-234;IncI;IncI1;1
CN82-redeposit_S7;58;Duck;blaTEM-30;IncI;IncI1;1
CN83-redeposit_S262;394;Duck;blaCTX-M-15;IncI;IncI1;1
CN84_S11;Unknown;Duck;blaCTX-M-15;IncY;IncY;1
CN84_S11;Unknown;Duck;blaTEM-1B;IncY;IncY;1
CN85_S93;206;Duck;blaCTX-M-27;other-rep;ColRNAI_rep_cluster_1987;1
CN86_S117;4691;Duck;blaCTX-M-15;IncY;IncY;1
CN86_S117;4691;Duck;blaTEM-1B;IncY;IncY;1
CN87_S153;4691;Duck;blaCTX-M-15;IncY;IncY;1
CN87_S153;4691;Duck;blaTEM-1B;IncY;IncY;1
CN89_S106;Unknown;Duck;blaCTX-M-55;IncF;IncFIB;1
CN90_S115;48;Duck;NA;NA;NA;NA
CN92_S14;3489;Duck;NA;NA;NA;NA
CT12_S38;4977;Cat;NA;NA;NA;NA
CT13_S56;1722;Cat;NA;NA;NA;NA
CT15_S46;4977;Cat;NA;NA;NA;NA
CT20_S45;48;Cat;NA;NA;NA;NA
CT21_S64;2450;Cat;blaCTX-M-15;IncF;IncFIB;1
CT21_S64;2450;Cat;blaTEM-1B;IncF;IncFIB;1
CT27_S155;131;Cat;blaTEM-1B;other-rep;ColRNAI_rep_cluster_1291;1
CT27_S155;131;Cat;blaTEM-1B;IncF;IncFIB;1
CT27_S155;131;Cat;blaTEM-1B;IncF;IncFII;1
CT27_S155;131;Cat;blaTEM-1B;IncF;IncFIIA;1
CT32_S156;Unknown;Cat;blaCTX-M-15;IncF;IncFIB;1
CT32_S156;Unknown;Cat;blaTEM-1B;IncF;IncFIB;1
CT34_S120;6311;Cat;blaCTX-M-15;IncF;IncFIB;2
CT34_S120;6311;Cat;blaTEM-1B;IncF;IncFIB;2
CT38_S121;10;Cat;NA;NA;NA;NA
CT3_S18;2705;Cat;NA;NA;NA;NA
CT49_S17;1638;Cat;blaCTX-M-15;IncY;IncY;1
CT49_S17;1638;Cat;blaTEM-1B;IncY;IncY;1
CT55_S273;167;Cat;blaCTX-M-15;IncF;IncFIA;1
CT55_S273;167;Cat;blaCTX-M-15;IncF;IncFIB;1
CT55_S273;167;Cat;blaCTX-M-15;IncF;IncFII;1
CT55_S273;167;Cat;blaCTX-M-15;IncF;IncFIIA;1
CT63_S278;2705;Cat;NA;NA;NA;NA
CT66_S265;46;Cat;blaCTX-M-15;IncY;IncY;1
CT66_S265;46;Cat;blaTEM-1B;IncY;IncY;1
CT6_S51;2172;Cat;blaCTX-M-15;IncY;IncY;1
CT6_S51;2172;Cat;blaTEM-1B;IncY;IncY;1
CT8_S19;485;Cat;blaCTX-M-15;IncI;IncI1;1
CV8_S101;Unknown;Horse;blaCTX-M-15;IncY;IncY;1
CV8_S101;Unknown;Horse;blaTEM-1B;IncY;IncY;1
CV9_S112;46;Horse;blaTEM-1B;IncF;IncFIA;1
CV9_S112;46;Horse;blaTEM-1B;IncF;IncFIB;1
CV9_S112;46;Horse;blaTEM-1B;IncF;IncFII;1
CV9_S112;46;Horse;blaTEM-1B;IncF;IncFIIA;1
DI10_S118;58;Turkey;blaCTX-M-15;IncI;IncI1;1
DI10_S118;58;Turkey;blaTEM-1B;IncF;IncFIB;1
DI10_S118;58;Turkey;blaTEM-1B;IncF;IncFII;1
DI10_S118;58;Turkey;blaTEM-1B;IncF;IncFIIA;1
DI10_S118;58;Turkey;blaTEM-1B;IncQ;IncQ1;1
DI12_S35;46;Turkey;blaCTX-M-15;IncY;IncY;1
DI12_S35;46;Turkey;blaTEM-1B;IncY;IncY;1
DI13_S156;206;Turkey;blaCTX-M-27;other-rep;ColRNAI_rep_cluster_1987;1
DI1_S186;Unknown;Turkey;NA;NA;NA;NA
DI2_S147;716;Turkey;NA;NA;NA;NA
DI4_S60;131;Turkey;blaTEM-1B;other-rep;ColRNAI_rep_cluster_1291;1
DI4_S60;131;Turkey;blaTEM-1B;IncF;IncFII;1
DI4_S60;131;Turkey;blaTEM-1B;IncF;IncFIIA;1
DI5_S114;337;Turkey;blaCTX-M-1;IncI;IncI1;1
DI7_S115;162;Turkey;blaCTX-M-15;IncY;IncY;1
DI7_S115;162;Turkey;blaTEM-1B;IncY;IncY;1
DI8_S116;46;Turkey;blaCTX-M-15;IncY;IncY;1
DI8_S116;46;Turkey;blaTEM-1B;IncY;IncY;1
DI9_S117;Unknown;Turkey;blaCTX-M-15;IncF;IncFIB;1
DI9_S117;Unknown;Turkey;blaTEM-1B;IncF;IncFIB;1
E10_S61;46;Water;blaCTX-M-15;IncY;IncY;1
E10_S61;46;Water;blaTEM-1B;IncY;IncY;1
E20_S62;1431;Water;blaCTX-M-15;IncY;IncY;1
E20_S62;1431;Water;blaTEM-1B;IncY;IncY;1
E22_S60;6311;Water;blaCTX-M-15;IncF;IncFIB;2
E22_S60;6311;Water;blaTEM-1B;IncF;IncFIB;2
E25_S272;1140;Water;NA;NA;NA;NA
E30_S49;44;Water;blaCTX-M-15;IncF;IncFIA;1
E30_S49;44;Water;blaCTX-M-15;IncF;IncFIB;1
E30_S49;44;Water;blaOXA-1;IncF;IncFIA;1
E30_S49;44;Water;blaOXA-1;IncF;IncFIB;1
E33_S61;226;Water;blaTEM-104;IncI;IncI1;1
E33_S61;226;Water;blaTEM-198;IncI;IncI1;1
E33_S61;226;Water;blaTEM-1B;IncI;IncI1;1
E35_S197;1727;Water;NA;NA;NA;NA
E37_S157;Unknown;Water;blaCTX-M-55;IncF;IncFIB;1
E49_S117;716;Water;NA;NA;NA;NA
E52_S118;Unknown;Water;blaCTX-M-15;IncI;IncI1;1
E53_S119;206;Water;NA;NA;NA;NA
E63_S120;3489;Water;NA;NA;NA;NA
E71_S158;973;Water;blaCTX-M-15;IncY;IncY;1
E71_S158;973;Water;blaTEM-1B;IncY;IncY;1
E73_S19;206;Water;NA;NA;NA;NA
E79_S7;3489;Water;NA;NA;NA;NA
E84-redeposit_S3;46;Water;NA;NA;NA;NA
E87-redeposit_S6;450;Water;blaTEM-1B;IncF;IncFIA;1
E87-redeposit_S6;450;Water;blaTEM-1B;IncF;IncFIB;1
E87-redeposit_S6;450;Water;blaTEM-1B;IncF;IncFII;1
E87-redeposit_S6;450;Water;blaTEM-1B;IncF;IncFIIA;1
E97_S77;Unknown;Water;blaCTX-M-15;other-rep;ColRNAI_rep_cluster_1987;1
E97_S77;Unknown;Water;blaTEM-1B;other-rep;ColRNAI_rep_cluster_1987;1
H100_S195;2172;Human;NA;NA;NA;NA
H104_S1;Unknown;Human;blaCTX-M-15;IncY;IncY;1
H104_S1;Unknown;Human;blaTEM-1B;IncY;IncY;1
H105-redeposit_S38;656;Human;blaTEM-1B;IncF;IncFIA;1
H105-redeposit_S38;656;Human;blaTEM-1B;IncF;IncFIB;1
H105-redeposit_S38;656;Human;blaTEM-1B;IncF;IncFII;1
H105-redeposit_S38;656;Human;blaTEM-1B;IncF;IncFIIA;1
H108_S199;617;Human;blaCTX-M-15;IncF;IncFIA;1
H108_S199;617;Human;blaCTX-M-15;IncF;IncFIB;1
H108_S199;617;Human;blaOXA-1;IncF;IncFIA;1
H108_S199;617;Human;blaOXA-1;IncF;IncFIB;1
H117_S140;10;Human;NA;NA;NA;NA
H118-redeposit_S1;10;Human;NA;NA;NA;NA
H11_S59;48;Human;blaCTX-M-15;IncI;IncI1;1
H122_S136;656;Human;blaTEM-1B;IncF;IncFIA;1
H122_S136;656;Human;blaTEM-1B;IncF;IncFIB;1
H122_S136;656;Human;blaTEM-1B;IncF;IncFII;1
H122_S136;656;Human;blaTEM-1B;IncF;IncFIIA;1
H125_S106;656;Human;blaTEM-1B;IncF;IncFIA;1
H125_S106;656;Human;blaTEM-1B;IncF;IncFIB;1
H125_S106;656;Human;blaTEM-1B;IncF;IncFII;1
H125_S106;656;Human;blaTEM-1B;IncF;IncFIIA;1
H129_S53;206;Human;blaCTX-M-27;other-rep;ColRNAI_rep_cluster_1987;1
H12_S69;3489;Human;NA;NA;NA;NA
H136_S109;1140;Human;NA;NA;NA;NA
H137_S50;155;Human;blaCTX-M-15;IncI;IncI1;1
H139_S273;685;Human;blaCTX-M-15;IncY;IncY;1
H139_S273;685;Human;blaTEM-1B;IncY;IncY;1
H13_S56;716;Human;NA;NA;NA;NA
H144_S111;1312;Human;NA;NA;NA;NA
H147_S2;1312;Human;blaCTX-M-15;IncF;IncFII;1
H147_S2;1312;Human;blaCTX-M-15;IncF;IncFIIA;1
H151_S58;155;Human;blaCTX-M-15;IncY;IncY;1
H151_S58;155;Human;blaTEM-1B;IncY;IncY;1
H153_S145;48;Human;NA;NA;NA;NA
H154-redeposit_S7;648;Human;blaCTX-M-15;IncF;IncFIA;1
H154-redeposit_S7;648;Human;blaCTX-M-15;IncF;IncFIB;1
H154-redeposit_S7;648;Human;blaCTX-M-15;IncF;IncFII;1
H154-redeposit_S7;648;Human;blaCTX-M-15;IncF;IncFIIA;1
H154-redeposit_S7;648;Human;blaTEM-1B;IncF;IncFIA;1
H154-redeposit_S7;648;Human;blaTEM-1B;IncF;IncFIB;1
H154-redeposit_S7;648;Human;blaTEM-1B;IncF;IncFII;1
H154-redeposit_S7;648;Human;blaTEM-1B;IncF;IncFIIA;1
H155-redeposit_S10;648;Human;blaCTX-M-15;IncF;IncFIA;1
H155-redeposit_S10;648;Human;blaCTX-M-15;IncF;IncFIB;1
H155-redeposit_S10;648;Human;blaCTX-M-15;IncF;IncFII;1
H155-redeposit_S10;648;Human;blaCTX-M-15;IncF;IncFIIA;1
H155-redeposit_S10;648;Human;blaTEM-1B;IncF;IncFIA;1
H155-redeposit_S10;648;Human;blaTEM-1B;IncF;IncFIB;1
H155-redeposit_S10;648;Human;blaTEM-1B;IncF;IncFII;1
H155-redeposit_S10;648;Human;blaTEM-1B;IncF;IncFIIA;1
H160-redeposit_S11;167;Human;blaCTX-M-15;IncF;IncFIB;1
H160-redeposit_S11;167;Human;blaCTX-M-15;IncY;IncY;1
H160-redeposit_S11;167;Human;blaTEM-1B;IncF;IncFIB;1
H160-redeposit_S11;167;Human;blaTEM-1B;IncY;IncY;1
H164_S148;131;Human;blaCTX-M-14;IncF;IncFIA;1
H164_S148;131;Human;blaCTX-M-14;IncF;IncFIB;1
H164_S148;131;Human;blaCTX-M-14;IncF;IncFII;1
H164_S148;131;Human;blaCTX-M-14;IncF;IncFIIA;1
H164_S148;131;Human;blaCTX-M-14;IncY;IncY;1
H164_S148;131;Human;blaTEM-1B;IncF;IncFIA;1
H164_S148;131;Human;blaTEM-1B;IncF;IncFIB;1
H164_S148;131;Human;blaTEM-1B;IncF;IncFII;1
H164_S148;131;Human;blaTEM-1B;IncF;IncFIIA;1
H164_S148;131;Human;blaTEM-1B;IncY;IncY;1
H172_S149;38;Human;NA;NA;NA;NA
H177_S6;3489;Human;NA;NA;NA;NA
H179_S272;2705;Human;NA;NA;NA;NA
H183_S7;3489;Human;NA;NA;NA;NA
H187_S4;10;Human;blaCTX-M-15;IncF;IncFIB;2
H187_S4;10;Human;blaTEM-1B;IncF;IncFIB;2
H190_S9;8881;Human;blaOXA-1;IncF;IncFIA;1
H190_S9;8881;Human;blaOXA-1;IncF;IncFIB;1
H190_S9;8881;Human;blaOXA-1;IncF;IncFII;1
H190_S9;8881;Human;blaOXA-1;IncF;IncFIIA;1
H191_S10;3489;Human;NA;NA;NA;NA
H194_S103;2705;Human;NA;NA;NA;NA
H196_S105;Unknown;Human;blaCTX-M-15;IncF;IncFIA;1
H196_S105;Unknown;Human;blaCTX-M-15;IncF;IncFIB;1
H196_S105;Unknown;Human;blaOXA-1;IncF;IncFIA;1
H196_S105;Unknown;Human;blaOXA-1;IncF;IncFIB;1
H198_S8;167;Human;NA;NA;NA;NA
H1_S112;710;Human;blaCTX-M-15;IncY;IncY;1
H1_S112;710;Human;blaTEM-1B;IncY;IncY;1
H200_S106;2705;Human;NA;NA;NA;NA
H204_S107;2705;Human;NA;NA;NA;NA
H205_S108;2705;Human;NA;NA;NA;NA
H207_S109;1011;Human;blaSHV-12;IncI;IncI1;1
H207_S109;1011;Human;blaSHV-12;IncQ;IncQ1;1
H207_S109;1011;Human;blaTEM-1B;IncI;IncI1;1
H207_S109;1011;Human;blaTEM-1B;IncQ;IncQ1;1
H217_S110;3489;Human;NA;NA;NA;NA
H219_S111;7059;Human;NA;NA;NA;NA
H221_S113;7059;Human;NA;NA;NA;NA
H222_S112;7059;Human;NA;NA;NA;NA
H225_S114;3489;Human;NA;NA;NA;NA
H228_S115;716;Human;NA;NA;NA;NA
H231_S276;3489;Human;NA;NA;NA;NA
H236_S6;2172;Human;NA;NA;NA;NA
H239_S7;226;Human;NA;NA;NA;NA
H241_S8;226;Human;NA;NA;NA;NA
H242_S271;Unknown;Human;blaCTX-M-55;IncF;IncFIB;1
H245_S9;1139;Human;NA;NA;NA;NA
H248_S10;3489;Human;NA;NA;NA;NA
H249_S83;206;Human;blaCTX-M-15;IncY;IncY;1
H249_S83;206;Human;blaTEM-1B;IncY;IncY;1
H265_S151;48;Human;blaCTX-M-15;IncY;IncY;1
H265_S151;48;Human;blaTEM-1B;IncY;IncY;1
H267_S5;3044;Human;NA;NA;NA;NA
H268_S152;131;Human;blaTEM-1B;other-rep;ColRNAI_rep_cluster_1291;1
H268_S152;131;Human;blaTEM-1B;IncF;IncFIB;1
H268_S152;131;Human;blaTEM-1B;IncF;IncFII;1
H268_S152;131;Human;blaTEM-1B;IncF;IncFIIA;1
H26_S57;10;Human;blaCTX-M-15;IncF;IncFIB;2
H277_S113;648;Human;blaOXA-1;IncF;IncFIA;1
H277_S113;648;Human;blaOXA-1;IncF;IncFIB;1
H277_S113;648;Human;blaOXA-1;IncF;IncFII;1
H277_S113;648;Human;blaOXA-1;IncF;IncFIIA;1
H282_S150;685;Human;blaCTX-M-15;IncY;IncY;1
H282_S150;685;Human;blaTEM-1B;IncY;IncY;1
H283_S147;Unknown;Human;blaCTX-M-55;IncF;IncFIB;1
H286_S149;131;Human;blaTEM-1B;other-rep;ColRNAI_rep_cluster_1291;1
H286_S149;131;Human;blaTEM-1B;IncF;IncFIB;1
H286_S149;131;Human;blaTEM-1B;IncF;IncFII;1
H286_S149;131;Human;blaTEM-1B;IncF;IncFIIA;1
H287_S159;394;Human;blaCTX-M-15;IncI;IncI1;1
H288_S158;10;Human;NA;NA;NA;NA
H289_S92;361;Human;NA;NA;NA;NA
H290_S90;617;Human;blaCTX-M-15;IncF;IncFIA;1
H290_S90;617;Human;blaCTX-M-15;IncF;IncFII;1
H290_S90;617;Human;blaCTX-M-15;IncF;IncFIIA;1
H293_S39;1201;Human;blaCTX-M-15;IncF;IncFIB;2
H293_S39;1201;Human;blaTEM-1B;IncF;IncFIB;2
H294_S155;46;Human;blaCTX-M-15;IncY;IncY;1
H294_S155;46;Human;blaTEM-1B;IncY;IncY;1
H295-redeposit_S8;131;Human;blaTEM-1B;IncF;IncFII;1
H295-redeposit_S8;131;Human;blaTEM-1B;IncF;IncFIIA;1
H298_S109;2705;Human;NA;NA;NA;NA
H29_S189;131;Human;blaTEM-1B;other-rep;ColRNAI_rep_cluster_1291;1
H29_S189;131;Human;blaTEM-1B;IncF;IncFIB;1
H29_S189;131;Human;blaTEM-1B;IncF;IncFII;1
H29_S189;131;Human;blaTEM-1B;IncF;IncFIIA;1
H307_S275;3489;Human;NA;NA;NA;NA
H308_S143;2705;Human;NA;NA;NA;NA
H311-redeposit_S263;46;Human;NA;NA;NA;NA
H315_S94;3489;Human;NA;NA;NA;NA
H31_S108;3580;Human;NA;NA;NA;NA
H322-redeposit_S2;10;Human;blaCTX-M-15;IncF;IncFIB;1
H322-redeposit_S2;10;Human;blaTEM-1B;IncF;IncFIB;1
H327_S105;10;Human;blaCTX-M-15;IncY;IncY;1
H327_S105;10;Human;blaTEM-1B;IncY;IncY;1
H32_S204;38;Human;blaTEM-1B;IncF;IncFII;1
H32_S204;38;Human;blaTEM-1B;IncF;IncFIIA;1
H332_S274;484;Human;NA;NA;NA;NA
H339_S261;38;Human;NA;NA;NA;NA
H340_S111;38;Human;NA;NA;NA;NA
H341_S75;1638;Human;blaCTX-M-15;IncY;IncY;1
H341_S75;1638;Human;blaTEM-1B;IncY;IncY;1
H342_S8;6311;Human;blaCTX-M-15;IncF;IncFIB;2
H342_S8;6311;Human;blaTEM-1B;IncF;IncFIB;2
H343_S74;1294;Human;blaCTX-M-15;IncY;IncY;1
H343_S74;1294;Human;blaTEM-1B;IncY;IncY;1
H343_S74;1294;Human;blaTEM-1C;IncY;IncY;1
H348_S148;48;Human;NA;NA;NA;NA
H359_S13;3489;Human;NA;NA;NA;NA
H35_S65;46;Human;blaTEM-35;IncF;IncFII;1
H35_S65;46;Human;blaTEM-35;IncF;IncFIIA;1
H360_S105;3489;Human;NA;NA;NA;NA
H39_S46;3489;Human;NA;NA;NA;NA
H3_S195;617;Human;blaCTX-M-15;IncF;IncFIA;1
H3_S195;617;Human;blaCTX-M-15;IncF;IncFII;1
H3_S195;617;Human;blaCTX-M-15;IncF;IncFIIA;1
H3_S195;617;Human;blaOXA-1;IncF;IncFIB;1
H42_S271;44;Human;blaCTX-M-15;IncF;IncFIA;1
H42_S271;44;Human;blaCTX-M-15;IncF;IncFIB;1
H42_S271;44;Human;blaOXA-1;IncF;IncFIA;1
H42_S271;44;Human;blaOXA-1;IncF;IncFIB;1
H49_S266;4681;Human;NA;NA;NA;NA
H5-redeposit_S5;1312;Human;blaTEM-1B;IncF;IncFIA;1
H66_S191;Unknown;Human;blaCTX-M-15;IncY;IncY;1
H71_S63;648;Human;NA;NA;NA;NA
H73_S193;131;Human;blaCTX-M-27;IncF;IncFIA;1
H73_S193;131;Human;blaCTX-M-27;IncF;IncFII;1
H73_S193;131;Human;blaCTX-M-27;IncF;IncFIIA;1
H74_S144;648;Human;NA;NA;NA;NA
H76_S107;6143;Human;NA;NA;NA;NA
H78_S67;Unknown;Human;blaCTX-M-55;IncF;IncFIB;1
H79_S66;6449;Human;blaCTX-M-15;IncI;IncI1;1
H7_S268;1727;Human;NA;NA;NA;NA
H82_S55;6311;Human;blaCTX-M-15;IncF;IncFIB;2
H82_S55;6311;Human;blaTEM-1B;IncF;IncFIB;2
H84_S64;773;Human;blaCTX-M-15;IncI;IncI1;1
H84_S64;773;Human;blaTEM-104;IncI;IncI1;1
H84_S64;773;Human;blaTEM-198;IncI;IncI1;1
H84_S64;773;Human;blaTEM-1B;IncI;IncI1;1
H84_S64;773;Human;blaTEM-207;IncI;IncI1;1
H84_S64;773;Human;blaTEM-217;IncI;IncI1;1
H84_S64;773;Human;blaTEM-230;IncI;IncI1;1
H84_S64;773;Human;blaTEM-234;IncI;IncI1;1
H84_S64;773;Human;blaTEM-30;IncI;IncI1;1
H85_S9;6311;Human;blaCTX-M-15;IncF;IncFIB;2
H85_S9;6311;Human;blaTEM-1B;IncF;IncFIB;2
H87_S8;6311;Human;blaCTX-M-15;IncF;IncFIB;2
H87_S8;6311;Human;blaTEM-1B;IncF;IncFIB;2
H88_S142;746;Human;NA;NA;NA;NA
H93_S1;6143;Human;blaCTX-M-15;IncI;IncI1;1
H94_S150;1140;Human;NA;NA;NA;NA
H97_S47;131;Human;blaCTX-M-15;other-rep;rep_cluster_488;1
H97_S47;131;Human;blaTEM-1B;other-rep;ColRNAI_rep_cluster_1291;1
H97_S47;131;Human;blaTEM-1B;IncF;IncFIA;1
H97_S47;131;Human;blaTEM-1B;IncF;IncFIB;1
H97_S47;131;Human;blaTEM-1B;IncF;IncFII;1
H97_S47;131;Human;blaTEM-1B;IncF;IncFIIA;1
H99_S143;394;Human;blaCTX-M-15;IncI;IncI1;1
OI13_S107;7473;Goose;blaCTX-M-15;IncY;IncY;1
OI13_S107;7473;Goose;blaTEM-1B;IncY;IncY;1
OI14_S108;Unknown;Goose;blaCTX-M-1;IncI;IncI1;1
OI15_S109;131;Goose;blaTEM-1B;other-rep;ColRNAI_rep_cluster_1291;1
OI15_S109;131;Goose;blaTEM-1B;IncF;IncFIB;1
OI15_S109;131;Goose;blaTEM-1B;IncF;IncFII;1
OI15_S109;131;Goose;blaTEM-1B;IncF;IncFIIA;1
OI17_S110;2690;Goose;blaCTX-M-1;IncI;IncI1;1
OI18_S111;1408;Goose;blaCTX-M-1;IncI;IncI1;1
OI19_S112;173;Goose;blaCTX-M-1;IncI;IncI1;1
OI21_S113;48;Goose;blaCTX-M-15;IncF;IncFIB;1
OI21_S113;48;Goose;blaTEM-1B;IncF;IncFIB;1
OI23_S263;716;Goose;NA;NA;NA;NA
OI24_S130;656;Goose;blaTEM-1B;IncF;IncFIA;1
OI24_S130;656;Goose;blaTEM-1B;IncF;IncFIB;1
OI24_S130;656;Goose;blaTEM-1B;IncF;IncFII;1
OI24_S130;656;Goose;blaTEM-1B;IncF;IncFIIA;1
OI25_S124;44;Goose;blaCTX-M-15;IncF;IncFIA;1
OI25_S124;44;Goose;blaCTX-M-15;IncF;IncFIB;1
OI25_S124;44;Goose;blaOXA-1;IncF;IncFIA;1
OI25_S124;44;Goose;blaOXA-1;IncF;IncFIB;1
OI26_S262;2705;Goose;NA;NA;NA;NA
OI27_S4;2705;Goose;NA;NA;NA;NA
OI28-redep_S1;48;Goose;blaCTX-M-15;IncY;IncY;1
OI28-redep_S1;48;Goose;blaTEM-1B;IncY;IncY;1
OI29_S3;206;Goose;blaCTX-M-15;IncY;IncY;1
OI29_S3;206;Goose;blaTEM-1B;IncY;IncY;1
OI30_S264;716;Goose;NA;NA;NA;NA
OI31_S15;Unknown;Goose;blaCTX-M-55;IncF;IncFIB;1
OI32_S13;Unknown;Goose;blaCTX-M-55;IncF;IncFIB;1
OI34-redeposit_S2;58;Goose;blaCTX-M-15;IncY;IncY;1
OI34-redeposit_S2;58;Goose;blaTEM-1B;IncY;IncY;1
OI34-redeposit_S2;58;Goose;blaTEM-208;IncY;IncY;1
OI35_S123;617;Goose;blaCTX-M-15;other-rep;ColRNAI_rep_cluster_1857;1
OI35_S123;617;Goose;blaCTX-M-15;IncF;IncFIA;1
OI35_S123;617;Goose;blaCTX-M-15;IncF;IncFIB;1
OI35_S123;617;Goose;blaCTX-M-15;IncF;IncFII;1
OI35_S123;617;Goose;blaCTX-M-15;IncF;IncFIIA;1
OI35_S123;617;Goose;blaOXA-1;other-rep;ColRNAI_rep_cluster_1857;1
OI35_S123;617;Goose;blaOXA-1;IncF;IncFIA;1
OI35_S123;617;Goose;blaOXA-1;IncF;IncFIB;1
OI35_S123;617;Goose;blaOXA-1;IncF;IncFII;1
OI35_S123;617;Goose;blaOXA-1;IncF;IncFIIA;1
OI35_S123;617;Goose;blaTEM-1B;other-rep;ColRNAI_rep_cluster_1857;1
OI35_S123;617;Goose;blaTEM-1B;IncF;IncFIA;1
OI35_S123;617;Goose;blaTEM-1B;IncF;IncFIB;1
OI35_S123;617;Goose;blaTEM-1B;IncF;IncFII;1
OI35_S123;617;Goose;blaTEM-1B;IncF;IncFIIA;1
OI37_S128;Unknown;Goose;blaCTX-M-55;IncF;IncFIB;1
OI38_S16;3489;Goose;NA;NA;NA;NA
OI40_S146;38;Goose;NA;NA;NA;NA
OI41_S8;3489;Goose;NA;NA;NA;NA
OI44_S102;Unknown;Goose;blaCTX-M-15;IncF;IncFIB;1
OI44_S102;Unknown;Goose;blaCTX-M-15;IncY;IncY;1
OI44_S102;Unknown;Goose;blaTEM-1B;IncF;IncFIB;1
OI44_S102;Unknown;Goose;blaTEM-1B;IncY;IncY;1
OI47_S96;354;Goose;NA;NA;NA;NA
OI49_S109;3489;Goose;NA;NA;NA;NA
OI50_S79;656;Goose;blaTEM-1B;IncF;IncFIA;1
OI50_S79;656;Goose;blaTEM-1B;IncF;IncFIB;1
OI50_S79;656;Goose;blaTEM-1B;IncF;IncFII;1
OI50_S79;656;Goose;blaTEM-1B;IncF;IncFIIA;1
OI51_S78;361;Goose;NA;NA;NA;NA
OI53_S76;48;Goose;NA;NA;NA;NA
OI7_S24;3489;Goose;blaCTX-M-15;IncY;IncY;1
OI7_S24;3489;Goose;blaTEM-1B;IncY;IncY;1
OI8_S25;410;Goose;NA;NA;NA;NA
OI9_S26;155;Goose;blaCTX-M-15;IncY;IncY;1
OI9_S26;155;Goose;blaTEM-1B;IncY;IncY;1
PC100_S268;48;Pig;NA;NA;NA;NA
PC19_S143;Unknown;Pig;blaCTX-M-55;IncF;IncFIB;1
PC20_S21;Unknown;Pig;blaCTX-M-55;IncF;IncFIB;1
PC21_S2;46;Pig;blaCTX-M-15;IncF;IncFIB;1
PC21_S2;46;Pig;blaCTX-M-15;IncY;IncY;1
PC21_S2;46;Pig;blaTEM-1B;IncF;IncFIB;1
PC21_S2;46;Pig;blaTEM-1B;IncY;IncY;1
PC22_S3;Unknown;Pig;blaCTX-M-55;IncF;IncFIB;1
PC23_S6;5307;Pig;blaCTX-M-15;IncY;IncY;1
PC23_S6;5307;Pig;blaTEM-1B;IncY;IncY;1
PC25_S142;2450;Pig;blaCTX-M-15;IncF;IncFIB;1
PC25_S142;2450;Pig;blaTEM-1B;IncF;IncFIB;1
PC27_S265;Unknown;Pig;NA;NA;NA;NA
PC28_S196;773;Pig;NA;NA;NA;NA
PC29_S52;Unknown;Pig;NA;NA;NA;NA
PC2_S25;2705;Pig;NA;NA;NA;NA
PC30-redeposit_S2;Unknown;Pig;blaCTX-M-55;IncF;IncFIB;1
PC31_S170;10;Pig;blaCTX-M-15;IncY;IncY;1
PC31_S170;10;Pig;blaTEM-1B;IncY;IncY;1
PC32_S173;10580;Pig;blaCTX-M-15;IncY;IncY;1
PC32_S173;10580;Pig;blaTEM-1B;IncY;IncY;1
PC33_S141;1716;Pig;blaCTX-M-15;IncF;IncFIB;2
PC33_S141;1716;Pig;blaTEM-1B;IncF;IncFIB;2
PC34_S133;10;Pig;blaCTX-M-15;IncY;IncY;1
PC34_S133;10;Pig;blaTEM-1B;IncY;IncY;1
PC35_S39;3489;Pig;NA;NA;NA;NA
PC36_S41;38;Pig;blaCTX-M-15;IncY;IncY;1
PC36_S41;38;Pig;blaTEM-1B;IncY;IncY;1
PC37_S68;2705;Pig;NA;NA;NA;NA
PC38_S33;716;Pig;NA;NA;NA;NA
PC39_S36;542;Pig;NA;NA;NA;NA
PC40_S44;361;Pig;NA;NA;NA;NA
PC41-redeposit_S4;2705;Pig;blaTEM-1B;IncN;IncN;1
PC42_S72;1114;Pig;blaCTX-M-27;IncP;IncP;1
PC45_S25;2690;Pig;NA;NA;NA;NA
PC46_S26;2690;Pig;NA;NA;NA;NA
PC47_S24;Unknown;Pig;NA;NA;NA;NA
PC4_S22;685;Pig;blaCTX-M-15;other-rep;ColRNAI_rep_cluster_1987;1
PC4_S22;685;Pig;blaCTX-M-15;IncY;IncY;1
PC4_S22;685;Pig;blaTEM-1B;other-rep;ColRNAI_rep_cluster_1987;1
PC4_S22;685;Pig;blaTEM-1B;IncY;IncY;1
PC51_S27;Unknown;Pig;blaCTX-M-55;IncF;IncFIB;1
PC52_S28;2690;Pig;NA;NA;NA;NA
PC53_S29;3489;Pig;blaCTX-M-15;IncY;IncY;1
PC53_S29;3489;Pig;blaTEM-1B;IncY;IncY;1
PC54_S30;3489;Pig;NA;NA;NA;NA
PC55_S31;10;Pig;blaCTX-M-15;IncF;IncFIB;2
PC55_S31;10;Pig;blaTEM-1B;IncF;IncFIB;2
PC56_S89;540;Pig;blaCTX-M-15;IncF;IncFIB;2
PC56_S89;540;Pig;blaTEM-1B;IncF;IncFIB;2
PC57_S90;155;Pig;blaCTX-M-15;IncY;IncY;1
PC57_S90;155;Pig;blaTEM-1B;IncY;IncY;1
PC58_S91;398;Pig;blaCTX-M-15;IncY;IncY;1
PC58_S91;398;Pig;blaTEM-1B;IncY;IncY;1
PC59_S92;540;Pig;blaCTX-M-15;IncF;IncFIB;2
PC59_S92;540;Pig;blaTEM-1B;IncF;IncFIB;2
PC5_S36;2705;Pig;NA;NA;NA;NA
PC60_S93;746;Pig;NA;NA;NA;NA
PC61_S94;540;Pig;blaCTX-M-15;IncF;IncFIB;2
PC61_S94;540;Pig;blaTEM-1B;IncF;IncFIB;2
PC62_S95;540;Pig;blaCTX-M-15;IncF;IncFIB;2
PC62_S95;540;Pig;blaTEM-1B;IncF;IncFIB;2
PC63_S96;1141;Pig;blaCTX-M-15;IncF;IncFIB;2
PC63_S96;1141;Pig;blaTEM-1B;IncF;IncFIB;2
PC65_S97;2705;Pig;blaCTX-M-14;IncI;IncI1;1
PC65_S97;2705;Pig;blaTEM-1C;IncI;IncI1;1
PC66_S98;1141;Pig;blaCTX-M-15;IncF;IncFIB;2
PC66_S98;1141;Pig;blaTEM-1B;IncF;IncFIB;2
PC67_S99;7176;Pig;blaCTX-M-15;IncY;IncY;1
PC67_S99;7176;Pig;blaTEM-1B;IncY;IncY;1
PC68_S100;7176;Pig;blaCTX-M-15;IncY;IncY;1
PC68_S100;7176;Pig;blaTEM-1B;IncY;IncY;1
PC70_S1;1722;Pig;NA;NA;NA;NA
PC75_S134;10;Pig;blaCTX-M-15;IncF;IncFIA;1
PC75_S134;10;Pig;blaCTX-M-15;IncF;IncFIB;1
PC75_S134;10;Pig;blaCTX-M-15;IncF;IncFII;1
PC75_S134;10;Pig;blaCTX-M-15;IncF;IncFIIA;1
PC76_S108;Unknown;Pig;blaCTX-M-15;IncF;IncFIA;1
PC76_S108;Unknown;Pig;blaTEM-1B;IncF;IncFIA;1
PC77_S36;Unknown;Pig;blaCTX-M-55;IncF;IncFIB;1
PC78_S122;6782;Pig;blaCTX-M-15;IncY;IncY;1
PC78_S122;6782;Pig;blaTEM-1B;IncY;IncY;1
PC80_S126;1722;Pig;NA;NA;NA;NA
PC81_S145;716;Pig;NA;NA;NA;NA
PC82_S91;3489;Pig;blaCTX-M-15;IncY;IncY;1
PC82_S91;3489;Pig;blaTEM-1B;IncY;IncY;1
PC83_S139;206;Pig;blaCTX-M-27;other-rep;ColRNAI_rep_cluster_1987;1
PC84_S127;Unknown;Pig;blaCTX-M-15;IncF;IncFIB;1
PC84_S127;Unknown;Pig;blaCTX-M-15;IncY;IncY;1
PC84_S127;Unknown;Pig;blaTEM-1B;IncF;IncFIB;1
PC84_S127;Unknown;Pig;blaTEM-1B;IncY;IncY;1
PC85_S132;10;Pig;NA;NA;NA;NA
PC86_S133;6782;Pig;blaCTX-M-15;IncY;IncY;1
PC86_S133;6782;Pig;blaTEM-1B;IncY;IncY;1
PC87_S135;1312;Pig;NA;NA;NA;NA
PC89_S92;656;Pig;blaTEM-1B;IncF;IncFIA;1
PC89_S92;656;Pig;blaTEM-1B;IncF;IncFIB;1
PC89_S92;656;Pig;blaTEM-1B;IncF;IncFII;1
PC89_S92;656;Pig;blaTEM-1B;IncF;IncFIIA;1
PC91_S107;2705;Pig;NA;NA;NA;NA
PC92_S73;1421;Pig;blaCTX-M-15;IncF;IncFIB;2
PC92_S73;1421;Pig;blaTEM-1B;IncF;IncFIB;2
PC94_S12;44;Pig;blaCTX-M-15;IncF;IncFIA;1
PC94_S12;44;Pig;blaCTX-M-15;IncF;IncFIB;1
PC94_S12;44;Pig;blaCTX-M-15;IncF;IncFIIA;1
PC95_S80;1141;Pig;NA;NA;NA;NA
PC98_S157;Unknown;Pig;NA;NA;NA;NA
PC99_S154;48;Pig;NA;NA;NA;NA
PG100_S42;10;Poultry;blaCTX-M-15;IncY;IncY;1
PG100_S42;10;Poultry;blaTEM-1B;IncY;IncY;1
PG101_S40;617;Poultry;blaCTX-M-15;IncF;IncFIA;1
PG101_S40;617;Poultry;blaCTX-M-15;IncF;IncFIB;1
PG101_S40;617;Poultry;blaOXA-1;IncF;IncFIA;1
PG101_S40;617;Poultry;blaOXA-1;IncF;IncFIB;1
PG102_S35;2172;Poultry;NA;NA;NA;NA
PG103_S34;2172;Poultry;blaTEM-1B;IncF;IncFIA;1
PG103_S34;2172;Poultry;blaTEM-1B;IncF;IncFIB;1
PG104_S70;226;Poultry;NA;NA;NA;NA
PG108_S269;1139;Poultry;blaCTX-M-15;IncH;IncH;1
PG108_S269;1139;Poultry;blaCTX-M-15;other-rep;rep_cluster_1088;1
PG108_S269;1139;Poultry;blaTEM-1B;IncH;IncH;1
PG108_S269;1139;Poultry;blaTEM-1B;other-rep;rep_cluster_1088;1
PG10_S44;6781;Poultry;blaCTX-M-15;IncY;IncY;1
PG10_S44;6781;Poultry;blaTEM-1B;IncY;IncY;1
PG115_S200;Unknown;Poultry;blaCTX-M-15;IncI;IncI1;1
PG121_S50;131;Poultry;blaTEM-1B;other-rep;ColRNAI_rep_cluster_1291;1
PG121_S50;131;Poultry;blaTEM-1B;IncF;IncFIB;1
PG121_S50;131;Poultry;blaTEM-1B;IncF;IncFII;1
PG121_S50;131;Poultry;blaTEM-1B;IncF;IncFIIA;1
PG124_S37;746;Poultry;blaCTX-M-15;IncF;IncFIB;2
PG124_S37;746;Poultry;blaTEM-1B;IncF;IncFIB;2
PG128_S24;746;Poultry;blaCTX-M-15;IncF;IncFIB;2
PG128_S24;746;Poultry;blaTEM-1B;IncF;IncFIB;2
PG136_S26;Unknown;Poultry;blaCTX-M-55;IncF;IncFIB;1
PG137_S205;Unknown;Poultry;blaCTX-M-55;IncF;IncFIB;1
PG145-redeposit_S10;10;Poultry;blaCTX-M-15;IncF;IncFIB;2
PG145-redeposit_S10;10;Poultry;blaTEM-1B;IncF;IncFIB;2
PG147_S112;48;Poultry;NA;NA;NA;NA
PG166_S136;3489;Poultry;NA;NA;NA;NA
PG178_S2;2705;Poultry;NA;NA;NA;NA
PG179_S3;3489;Poultry;NA;NA;NA;NA
PG181_S4;1423;Poultry;blaCTX-M-15;IncY;IncY;1
PG181_S4;1423;Poultry;blaTEM-1B;IncY;IncY;1
PG189_S5;4691;Poultry;blaCTX-M-15;IncY;IncY;1
PG189_S5;4691;Poultry;blaTEM-1B;IncY;IncY;1
PG195_S6;Unknown;Poultry;blaCTX-M-15;IncY;IncY;1
PG195_S6;Unknown;Poultry;blaTEM-1B;IncY;IncY;1
PG199_S7;Unknown;Poultry;NA;NA;NA;NA
PG1_S3;46;Poultry;blaTEM-35;IncF;IncFII;1
PG1_S3;46;Poultry;blaTEM-35;IncF;IncFIIA;1
PG200_S8;648;Poultry;NA;NA;NA;NA
PG202_S9;155;Poultry;blaCTX-M-15;IncF;IncFIB;1
PG202_S9;155;Poultry;blaTEM-1B;IncF;IncFIB;1
PG203_S10;3489;Poultry;NA;NA;NA;NA
PG205_S11;3489;Poultry;NA;NA;NA;NA
PG206_S12;716;Poultry;NA;NA;NA;NA
PG207_S13;540;Poultry;blaCTX-M-15;IncF;IncFIB;2
PG207_S13;540;Poultry;blaTEM-1B;IncF;IncFIB;2
PG210_S14;155;Poultry;blaCTX-M-15;IncY;IncY;1
PG210_S14;155;Poultry;blaTEM-1B;IncY;IncY;1
PG211_S15;156;Poultry;NA;NA;NA;NA
PG212_S16;2705;Poultry;NA;NA;NA;NA
PG213_S17;2690;Poultry;NA;NA;NA;NA
PG214_S18;10;Poultry;blaCTX-M-15;IncY;IncY;1
PG214_S18;10;Poultry;blaTEM-1B;IncY;IncY;1
PG216_S19;1141;Poultry;NA;NA;NA;NA
PG217_S20;542;Poultry;NA;NA;NA;NA
PG218_S21;3489;Poultry;blaCTX-M-15;IncY;IncY;1
PG218_S21;3489;Poultry;blaTEM-1B;IncY;IncY;1
PG227_S3;155;Poultry;blaCTX-M-15;IncY;IncY;1
PG227_S3;155;Poultry;blaTEM-1B;IncY;IncY;1
PG231_S23;617;Poultry;blaCTX-M-15;IncF;IncFIA;1
PG231_S23;617;Poultry;blaCTX-M-15;IncF;IncFIB;1
PG231_S23;617;Poultry;blaOXA-1;IncF;IncFIA;1
PG231_S23;617;Poultry;blaOXA-1;IncF;IncFIB;1
PG231_S23;617;Poultry;blaTEM-1B;other-rep;ColRNAI_rep_cluster_1857;1
PG239_S37;602;Poultry;NA;NA;NA;NA
PG248_S124;716;Poultry;NA;NA;NA;NA
PG250_S3;716;Poultry;NA;NA;NA;NA
PG251_S4;542;Poultry;blaCTX-M-1;IncI;IncI1;1
PG253_S5;38;Poultry;NA;NA;NA;NA
PG254_S6;46;Poultry;blaTEM-1B;IncF;IncFIA;1
PG254_S6;46;Poultry;blaTEM-1B;IncF;IncFIB;1
PG254_S6;46;Poultry;blaTEM-1B;IncF;IncFII;1
PG254_S6;46;Poultry;blaTEM-1B;IncF;IncFIIA;1
PG258_S124;716;Poultry;NA;NA;NA;NA
PG259_S125;716;Poultry;NA;NA;NA;NA
PG263-redeposit_S3;716;Poultry;blaIMP-4;IncL/M;IncL/M;1
PG263-redeposit_S3;716;Poultry;blaTEM-1B;IncL/M;IncL/M;1
PG265_S127;716;Poultry;NA;NA;NA;NA
PG266_S128;3489;Poultry;NA;NA;NA;NA
PG267_S129;48;Poultry;NA;NA;NA;NA
PG268_S130;716;Poultry;blaCTX-M-27;IncI;IncI1;1
PG269_S131;1011;Poultry;blaSHV-12;IncI;IncI1;1
PG269_S131;1011;Poultry;blaSHV-12;IncQ;IncQ1;1
PG269_S131;1011;Poultry;blaTEM-1B;IncI;IncI1;1
PG269_S131;1011;Poultry;blaTEM-1B;IncQ;IncQ1;1
PG270_S132;617;Poultry;blaCTX-M-15;IncF;IncFIA;1
PG270_S132;617;Poultry;blaCTX-M-15;IncF;IncFIB;1
PG270_S132;617;Poultry;blaCTX-M-15;IncF;IncFIIA;1
PG270_S132;617;Poultry;blaOXA-1;IncF;IncFIA;1
PG270_S132;617;Poultry;blaOXA-1;IncF;IncFIB;1
PG270_S132;617;Poultry;blaOXA-1;IncF;IncFIIA;1
PG270_S132;617;Poultry;blaTEM-1B;other-rep;ColRNAI_rep_cluster_1857;1
PG271_S133;1312;Poultry;blaTEM-1B;IncY;IncY;1
PG273_S20;2705;Poultry;blaCTX-M-14;IncF;IncFIA;1
PG273_S20;2705;Poultry;blaCTX-M-14;IncQ;IncQ1;1
PG273_S20;2705;Poultry;blaTEM-1B;IncF;IncFIA;1
PG273_S20;2705;Poultry;blaTEM-1B;IncQ;IncQ1;1
PG280_S155;131;Poultry;blaTEM-1B;other-rep;ColRNAI_rep_cluster_1291;1
PG280_S155;131;Poultry;blaTEM-1B;IncF;IncFIB;1
PG280_S155;131;Poultry;blaTEM-1B;IncF;IncFII;1
PG280_S155;131;Poultry;blaTEM-1B;IncF;IncFIIA;1
PG283_S156;7122;Poultry;NA;NA;NA;NA
PG285_S154;131;Poultry;blaTEM-1B;other-rep;ColRNAI_rep_cluster_1291;1
PG285_S154;131;Poultry;blaTEM-1B;IncF;IncFIB;1
PG285_S154;131;Poultry;blaTEM-1B;IncF;IncFII;1
PG285_S154;131;Poultry;blaTEM-1B;IncF;IncFIIA;1
PG289_S145;3489;Poultry;NA;NA;NA;NA
PG294_S21;716;Poultry;NA;NA;NA;NA
PG295_S4;648;Poultry;NA;NA;NA;NA
PG297_S17;716;Poultry;NA;NA;NA;NA
PG298_S129;542;Poultry;NA;NA;NA;NA
PG299_S9;48;Poultry;blaCTX-M-27;IncH;IncH;1
PG3-redeposit_S1;1140;Poultry;NA;NA;NA;NA
PG304_S20;3489;Poultry;NA;NA;NA;NA
PG306_S18;156;Poultry;NA;NA;NA;NA
PG307_S116;3489;Poultry;NA;NA;NA;NA
PG308_S120;Unknown;Poultry;blaCTX-M-164;IncF;IncFIB;1
PG308_S120;Unknown;Poultry;blaCTX-M-55;IncF;IncFIB;1
PG309_S119;156;Poultry;NA;NA;NA;NA
PG310_S136;602;Poultry;NA;NA;NA;NA
PG311_S125;1722;Poultry;NA;NA;NA;NA
PG312_S140;3489;Poultry;NA;NA;NA;NA
PG314_S141;3489;Poultry;NA;NA;NA;NA
PG315_S151;361;Poultry;NA;NA;NA;NA
PG316_S144;656;Poultry;blaTEM-1B;IncF;IncFIA;1
PG316_S144;656;Poultry;blaTEM-1B;IncF;IncFIB;1
PG316_S144;656;Poultry;blaTEM-1B;IncF;IncFII;1
PG316_S144;656;Poultry;blaTEM-1B;IncF;IncFIIA;1
PG317_S150;3489;Poultry;NA;NA;NA;NA
PG319_S121;2936;Poultry;blaCTX-M-15;IncI;IncI1;1
PG31_S122;46;Poultry;NA;NA;NA;NA
PG320_S131;156;Poultry;NA;NA;NA;NA
PG321_S117;Unknown;Poultry;blaCTX-M-55;IncF;IncFIB;1
PG324_S112;Unknown;Poultry;blaCTX-M-15;IncF;IncFIA;1
PG324_S112;Unknown;Poultry;blaCTX-M-15;IncF;IncFIB;1
PG324_S112;Unknown;Poultry;blaOXA-1;IncF;IncFIA;1
PG324_S112;Unknown;Poultry;blaOXA-1;IncF;IncFIB;1
PG335_S110;46;Poultry;blaCTX-M-15;IncY;IncY;1
PG335_S110;46;Poultry;blaTEM-1B;IncY;IncY;1
PG336_S113;3489;Poultry;NA;NA;NA;NA
PG33_S193;354;Poultry;NA;NA;NA;NA
PG340_S90;3203;Poultry;blaCTX-M-15;IncI;IncI1;1
PG344_S89;2705;Poultry;NA;NA;NA;NA
PG348_S264;46;Poultry;NA;NA;NA;NA
PG358_S265;7588;Poultry;blaCTX-M-15;IncF;IncFIB;1
PG358_S265;7588;Poultry;blaTEM-1B;IncF;IncFIB;1
PG35_S55;2705;Poultry;NA;NA;NA;NA
PG360_S116;1140;Poultry;NA;NA;NA;NA
PG361_S266;48;Poultry;blaCTX-M-15;IncF;IncFIB;1
PG361_S266;48;Poultry;blaTEM-1B;IncF;IncFIB;1
PG362_S71;4038;Poultry;blaCTX-M-15;IncY;IncY;1
PG362_S71;4038;Poultry;blaTEM-1B;IncY;IncY;1
PG363_S267;4038;Poultry;blaCTX-M-15;IncY;IncY;1
PG363_S267;4038;Poultry;blaTEM-1B;IncY;IncY;1
PG364_S149;Unknown;Poultry;NA;NA;NA;NA
PG366_S15;Unknown;Poultry;blaCTX-M-55;IncF;IncFIB;1
PG367_S72;398;Poultry;blaCTX-M-15;IncY;IncY;1
PG367_S72;398;Poultry;blaTEM-1B;IncY;IncY;1
PG370_S270;617;Poultry;blaCTX-M-15;IncF;IncFIA;1
PG370_S270;617;Poultry;blaCTX-M-15;IncF;IncFIB;1
PG370_S270;617;Poultry;blaOXA-1;IncF;IncFIA;1
PG370_S270;617;Poultry;blaOXA-1;IncF;IncFIB;1
PG373-redeposit_S1;48;Poultry;NA;NA;NA;NA
PG381_S147;48;Poultry;NA;NA;NA;NA
PG385_S10;226;Poultry;blaCTX-M-15;IncX;IncX1;1
PG385_S10;226;Poultry;blaTEM-1B;IncX;IncX1;1
PG394_S14;226;Poultry;NA;NA;NA;NA
PG39_S201;5307;Poultry;blaCTX-M-15;IncY;IncY;1
PG39_S201;5307;Poultry;blaTEM-1B;IncY;IncY;1
PG40_S28;Unknown;Poultry;NA;NA;NA;NA
PG46_S133;10;Poultry;blaCTX-M-15;IncY;IncY;1
PG46_S133;10;Poultry;blaTEM-1B;IncY;IncY;1
PG47_S192;46;Poultry;blaCTX-M-15;IncY;IncY;1
PG47_S192;46;Poultry;blaTEM-1B;IncY;IncY;1
PG48_S134;2705;Poultry;NA;NA;NA;NA
PG53_S194;3489;Poultry;NA;NA;NA;NA
PG56-redeposit_S3;131;Poultry;blaTEM-1B;other-rep;ColRNAI_rep_cluster_1291;1
PG56-redeposit_S3;131;Poultry;blaTEM-1B;IncF;IncFIB;1
PG56-redeposit_S3;131;Poultry;blaTEM-1B;IncF;IncFII;1
PG56-redeposit_S3;131;Poultry;blaTEM-1B;IncF;IncFIIA;1
PG58_S48;131;Poultry;blaTEM-1B;other-rep;ColRNAI_rep_cluster_1291;1
PG58_S48;131;Poultry;blaTEM-1B;IncF;IncFIB;1
PG58_S48;131;Poultry;blaTEM-1B;IncF;IncFII;1
PG58_S48;131;Poultry;blaTEM-1B;IncF;IncFIIA;1
PG63_S171;131;Poultry;blaTEM-1B;other-rep;ColRNAI_rep_cluster_1291;1
PG63_S171;131;Poultry;blaTEM-1B;IncF;IncFIB;1
PG63_S171;131;Poultry;blaTEM-1B;IncF;IncFII;1
PG63_S171;131;Poultry;blaTEM-1B;IncF;IncFIIA;1
PG64_S38;131;Poultry;blaTEM-1B;other-rep;ColRNAI_rep_cluster_1291;1
PG64_S38;131;Poultry;blaTEM-1B;IncF;IncFIB;1
PG64_S38;131;Poultry;blaTEM-1B;IncF;IncFII;1
PG64_S38;131;Poultry;blaTEM-1B;IncF;IncFIIA;1
PG69-redeposit_S5;1139;Poultry;blaCTX-M-15;IncH;IncH;1
PG69-redeposit_S5;1139;Poultry;blaCTX-M-15;other-rep;rep_cluster_1088;1
PG69-redeposit_S5;1139;Poultry;blaTEM-1B;IncH;IncH;1
PG69-redeposit_S5;1139;Poultry;blaTEM-1B;other-rep;rep_cluster_1088;1
PG70_S34;3489;Poultry;NA;NA;NA;NA
PG72_S73;746;Poultry;NA;NA;NA;NA
PG75_S148;206;Poultry;blaCTX-M-27;other-rep;ColRNAI_rep_cluster_1987;1
PG76_S139;716;Poultry;NA;NA;NA;NA
PG78_S202;716;Poultry;NA;NA;NA;NA
PG7_S35;2690;Poultry;blaCTX-M-27;IncP;IncP;1
PG8-redeposit_S148;3489;Poultry;NA;NA;NA;NA
PG83_S134;Unknown;Poultry;NA;NA;NA;NA
PG85_S13;131;Poultry;blaCTX-M-27;IncF;IncFIA;1
PG85_S13;131;Poultry;blaCTX-M-27;IncF;IncFII;1
PG85_S13;131;Poultry;blaCTX-M-27;IncF;IncFIIA;1
PG86_S135;2450;Poultry;blaCTX-M-15;IncF;IncFIB;1
PG86_S135;2450;Poultry;blaTEM-1B;IncF;IncFIB;1
PG88_S65;2450;Poultry;blaCTX-M-15;IncF;IncFIB;1
PG88_S65;2450;Poultry;blaTEM-1B;IncF;IncFIB;1
PG89_S145;1312;Poultry;NA;NA;NA;NA
PG90_S138;1722;Poultry;blaTEM-106;other-rep;rep_cluster_312;1
PG90_S138;1722;Poultry;blaTEM-126;other-rep;rep_cluster_312;1
PG90_S138;1722;Poultry;blaTEM-135;other-rep;rep_cluster_312;1
PG90_S138;1722;Poultry;blaTEM-1B;other-rep;rep_cluster_312;1
PG90_S138;1722;Poultry;blaTEM-1C;other-rep;rep_cluster_312;1
PG90_S138;1722;Poultry;blaTEM-20;other-rep;rep_cluster_312;1
PG90_S138;1722;Poultry;blaTEM-220;other-rep;rep_cluster_312;1
PG90_S138;1722;Poultry;blaTEM-32;other-rep;rep_cluster_312;1
PG92_S51;4681;Poultry;NA;NA;NA;NA
PG94_S12;1312;Poultry;NA;NA;NA;NA
PH10_S160;361;Poultry;NA;NA;NA;NA
PH11_S157;1312;Poultry;NA;NA;NA;NA
PH12_S4;2705;Poultry;NA;NA;NA;NA
PH13_S87;2705;Poultry;NA;NA;NA;NA
PH14-redeposit_S9;542;Poultry;blaCTX-M-15;IncI;IncI1;1
PH14-redeposit_S9;542;Poultry;blaTEM-1B;IncI;IncI1;1
PH15_S144;685;Poultry;NA;NA;NA;NA
PH16_S88;5044;Poultry;NA;NA;NA;NA
PH5_S105;3489;Poultry;NA;NA;NA;NA
PH6_S106;3489;Poultry;NA;NA;NA;NA
PH7_S161;Unknown;Poultry;blaCTX-M-55;IncF;IncFIB;1
PH8_S162;44;Poultry;blaCTX-M-15;IncF;IncFIA;1
PH8_S162;44;Poultry;blaCTX-M-15;IncF;IncFIB;1
PH9_S146;7059;Poultry;NA;NA;NA;NA
PP12_S88;Unknown;Poultry;blaCTX-M-55;IncF;IncFIB;1
PP19_S107;167;Poultry;blaCTX-M-15;IncF;IncFII;1
PP19_S107;167;Poultry;blaCTX-M-15;IncF;IncFIIA;1
